"","series","first","last","year","mean","median","stdev","skew","sens1","sens2","gini","ar1"
"1","TP1003E",1898,2012,115,0.526,0.423,0.396,1.815,0.388,0.364,0.37,0.646
"2","TP1003N",1901,2012,112,0.482,0.394,0.35,1.442,0.391,0.315,0.38,0.805
"3","TP1003S",1904,2012,109,0.515,0.486,0.313,0.971,0.346,0.334,0.328,0.645
"4","TP1008N",1925,2012,88,0.469,0.436,0.278,0.631,0.402,0.34,0.329,0.663
"5","TP1008W",1924,2012,89,0.529,0.39,0.391,1.23,0.376,0.289,0.385,0.804
"6","TP1008S",1906,1966,61,0.339,0.338,0.178,0.177,0.461,0.418,0.299,0.454
"7","TP1015N",1897,2012,116,0.62,0.54,0.389,1.874,0.301,0.265,0.311,0.842
"8","TP1015E",1897,2012,116,0.688,0.665,0.319,0.598,0.309,0.285,0.256,0.628
"9","TP1015S",1920,2012,93,0.606,0.591,0.355,1.044,0.323,0.277,0.312,0.733
"10","TP1031N",1899,2012,114,0.776,0.671,0.558,1.56,0.304,0.303,0.37,0.714
"11","TP1031S",1899,2012,114,0.736,0.674,0.542,1.493,0.289,0.267,0.383,0.744
"12","TP1031W",1897,2012,116,0.608,0.428,0.584,2.272,0.34,0.285,0.448,0.78
"13","TP1038N",1932,2012,81,0.686,0.542,0.922,4.846,0.357,0.454,0.465,0.573
"14","TP1038E",1943,2012,70,0.47,0.404,0.342,1.081,0.285,0.278,0.389,0.835
"15","TP1038S",1914,2012,99,0.694,0.627,0.341,0.091,0.291,0.273,0.279,0.674
"16","TP2003W",1929,2013,85,0.69,0.398,0.73,1.277,0.597,0.38,0.55,0.829
"17","TP2003N",1929,2013,85,0.604,0.316,0.74,2.111,0.576,0.432,0.575,0.789
"18","TP2003S",1929,2013,85,0.82,0.362,0.878,1.105,0.523,0.342,0.562,0.837
"19","TP2007N",1929,2013,85,0.621,0.432,0.65,2.369,0.49,0.41,0.494,0.718
"20","TP2007S",1929,2013,85,0.55,0.386,0.642,2.733,0.562,0.44,0.523,0.729
"21","TP2007E",1929,2013,85,0.61,0.481,0.611,2.935,0.476,0.408,0.442,0.697
"22","TP2007W",1929,2013,85,0.545,0.312,0.591,2.527,0.461,0.411,0.496,0.739
"23","TP2013N",1934,2013,80,0.691,0.465,0.63,1.392,0.45,0.294,0.468,0.893
"24","TP2013S",1934,2013,80,0.601,0.346,0.579,1.432,0.505,0.373,0.493,0.846
"25","TP2013E",1936,2013,78,0.605,0.373,0.635,1.699,0.428,0.293,0.519,0.85
"26","TP2013W",1936,2013,78,0.66,0.413,0.643,1.53,0.438,0.249,0.494,0.874
"27","TP2015E",1931,2013,83,0.608,0.46,0.484,0.947,0.463,0.289,0.428,0.809
"28","TP2015W",1931,2013,83,0.717,0.567,0.572,1.01,0.437,0.306,0.43,0.801
"29","TP2015N",1931,2013,83,0.67,0.537,0.501,0.833,0.412,0.23,0.41,0.897
"30","TP2015S",1931,2013,83,0.647,0.529,0.498,1.189,0.415,0.309,0.402,0.848
"31","TP2016N",1930,2013,84,0.587,0.334,0.749,2.592,0.428,0.302,0.568,0.799
"32","TP2016S",1930,2013,84,0.534,0.282,0.692,2.784,0.515,0.331,0.563,0.791
"33","TP2016E",1929,2013,85,0.542,0.358,0.596,2.177,0.506,0.336,0.521,0.844
"34","TP2016W",1929,2013,85,0.519,0.311,0.601,2.044,0.39,0.33,0.55,0.867
"35","TP2020N",1929,2013,85,0.489,0.281,0.539,1.239,0.341,0.311,0.561,0.894
"36","TP2020S",1929,2013,85,0.51,0.216,0.632,1.345,0.368,0.358,0.623,0.878
"37","TP2020E",1930,1999,70,0.578,0.292,0.598,1.252,0.352,0.346,0.524,0.824
"38","TP2020W",1930,2000,71,0.623,0.395,0.63,1.144,0.568,0.337,0.534,0.848
"39","TP2021S",1937,2013,77,0.63,0.428,0.662,1.694,0.575,0.291,0.519,0.872
"40","TP2021E",1934,2013,80,0.849,0.603,0.79,1.528,0.378,0.259,0.473,0.911
"41","TP2021W",1934,2013,80,0.885,0.666,0.749,1.82,0.329,0.253,0.413,0.912
"42","TP2028N",1929,2013,85,0.641,0.459,0.715,1.74,0.311,0.238,0.563,0.893
"43","TP2028S",1929,2013,85,0.647,0.446,0.738,1.919,0.402,0.281,0.567,0.862
"44","TP2028E",1929,2013,85,0.676,0.491,0.712,1.596,0.4,0.282,0.539,0.881
"45","TP2030W",1933,2005,73,0.6,0.408,0.493,1.611,0.35,0.304,0.413,0.775
"46","TP2030E",1930,2003,74,0.654,0.466,0.559,1.908,0.431,0.374,0.423,0.77
"47","TP2030S",1929,2013,85,0.572,0.406,0.541,1.765,0.375,0.363,0.472,0.794
"48","TP2030N",1929,2013,85,0.511,0.399,0.451,1.501,0.386,0.383,0.455,0.763
"49","TP2035N",1935,2013,79,1.212,1.205,0.384,0.337,0.237,0.221,0.175,0.6
"50","TP2035S",1935,2013,79,1.163,1.024,0.464,0.688,0.288,0.278,0.221,0.616
"51","TP2035E",1936,2013,78,1.156,1.125,0.441,0.73,0.247,0.241,0.209,0.663
"52","TP2043S",1940,2013,74,0.546,0.46,0.374,1.806,0.444,0.371,0.351,0.66
"53","TP2043E",1937,2013,77,0.519,0.382,0.456,1.597,0.514,0.402,0.447,0.75
"54","TP2050N",1930,2013,84,0.636,0.546,0.318,1.495,0.346,0.319,0.255,0.584
"55","TP2050S",1930,2013,84,0.543,0.484,0.315,1.811,0.286,0.276,0.296,0.71
"56","TP2050E",1933,2013,81,0.52,0.474,0.25,0.783,0.341,0.313,0.264,0.648
"57","TP2050W",1933,2013,81,0.567,0.507,0.264,0.601,0.353,0.332,0.26,0.586
"58","TP2076N",1940,2014,75,1.14,0.662,1.058,0.882,0.362,0.231,0.495,0.913
"59","TP2076S",1940,2014,75,0.737,0.535,0.547,1.818,0.29,0.271,0.365,0.788
"60","TP1001W",1957,2012,56,1.382,1.364,0.411,0.179,0.282,0.276,0.169,0.226
"61","TP1001E",1955,2012,58,1.464,1.434,0.5,0.586,0.283,0.289,0.19,0.412
"62","TP1001S",1955,2012,58,1.5,1.519,0.434,0.218,0.279,0.268,0.158,0.236
"63","TP1006N",1952,2012,61,0.799,0.747,0.399,1.612,0.396,0.412,0.255,0.133
"64","TP1006S",1951,2012,62,0.811,0.698,0.448,1.427,0.353,0.372,0.285,0.441
"65","TP1006E",1956,2012,57,0.884,0.854,0.291,0.993,0.26,0.261,0.178,0.464
"66","TP1007N",1953,2012,60,0.698,0.641,0.322,0.658,0.327,0.297,0.252,0.54
"67","TP1007W",1952,2012,61,0.678,0.638,0.292,0.909,0.296,0.283,0.229,0.296
"68","TP1007E",1952,2012,61,0.812,0.746,0.353,1.038,0.296,0.283,0.229,0.494
"69","TP1020N",1954,2012,59,0.852,0.815,0.332,0.437,0.287,0.279,0.216,0.551
"70","TP1020W",1955,2012,58,0.841,0.841,0.298,0.224,0.307,0.3,0.195,0.356
"71","TP1020S",1949,2012,64,0.808,0.765,0.349,0.947,0.302,0.306,0.232,0.49
"72","TP1024N",1904,2012,109,1.559,1.583,0.512,-0.198,0.184,0.164,0.186,0.78
"73","TP1024W",1918,2012,95,1.59,1.486,0.692,0.085,0.214,0.181,0.249,0.852
"74","TP1024E",1920,2012,93,1.714,1.708,0.847,0.441,0.255,0.205,0.276,0.802
"75","TP2001W",1930,2013,84,1.161,0.803,0.959,0.573,0.433,0.262,0.459,0.881
"76","TP2001S",1936,2013,78,0.979,0.576,0.943,0.997,0.377,0.247,0.513,0.891
"77","TP2001N",1936,2013,78,1.175,0.536,1.198,0.79,0.519,0.256,0.543,0.886
"78","TP2011N",1931,2013,83,0.869,0.659,0.686,1.265,0.329,0.293,0.41,0.798
"79","TP2011S",1931,2013,83,1.013,0.852,0.718,0.96,0.37,0.33,0.384,0.733
"80","TP2011W",1932,2013,82,0.868,0.688,0.628,1.278,0.352,0.29,0.375,0.795
"81","TP2012S",1934,2013,80,0.658,0.45,0.663,1.224,0.418,0.32,0.524,0.817
"82","TP2012N",1934,2013,80,0.749,0.225,0.873,1.192,0.466,0.289,0.598,0.874
"83","TP2012E",1932,2013,82,0.795,0.546,0.807,1.191,0.537,0.322,0.531,0.833
"84","TP2012W",1932,2013,82,0.675,0.34,0.76,1.202,0.652,0.356,0.584,0.812
"85","TP2034E",1942,2013,72,0.998,0.795,0.747,0.742,0.277,0.238,0.412,0.878
"86","TP2034W",1941,2013,73,1.029,0.984,0.524,0.374,0.275,0.255,0.288,0.742
"87","TP2034S",1941,2011,71,0.81,0.627,0.438,0.506,0.272,0.264,0.301,0.721
"88","TP2034N",1941,2013,73,1.275,1.341,0.554,-0.084,0.238,0.205,0.244,0.724
"89","TP2036W",1940,2013,74,1.08,0.867,0.891,0.296,0.451,0.243,0.464,0.913
"90","TP2036E",1940,2013,74,0.937,0.956,0.683,0.042,0.36,0.17,0.414,0.935
"91","TP2036S",1933,2013,81,1.059,1.022,0.789,0.422,0.452,0.263,0.422,0.882
"92","TP2036N",1933,2013,81,0.649,0.469,0.598,1.142,0.5,0.296,0.49,0.848
"93","TP2046S",1930,2013,84,0.915,0.84,0.412,0.749,0.281,0.262,0.249,0.68
"94","TP2046W",1932,2009,78,0.81,0.717,0.578,0.587,0.32,0.247,0.399,0.836
"95","TP2046E",1932,2013,82,1.118,1.054,0.475,0.849,0.283,0.256,0.232,0.617
"96","TP2047E",1931,2013,83,0.632,0.338,0.765,1.896,0.433,0.314,0.56,0.888
"97","TP2047W",1931,2013,83,0.945,0.754,0.712,1.284,0.29,0.292,0.388,0.808
"98","TP2047N",1935,2013,79,0.826,0.607,0.584,1.724,0.343,0.365,0.341,0.7
"99","TP2047S",1935,2013,79,0.689,0.534,0.53,1.256,0.356,0.357,0.402,0.757
"100","TP2048E",1930,2013,84,0.701,0.382,0.802,1.795,0.418,0.381,0.517,0.834
"101","TP2048W",1930,2013,84,0.547,0.348,0.597,1.992,0.551,0.447,0.511,0.803
"102","TP2048N",1936,2013,78,0.515,0.317,0.602,2.242,0.464,0.435,0.504,0.733
"103","TP2048S",1936,2013,78,0.513,0.397,0.511,2.235,0.461,0.492,0.452,0.562
"104","TP2058E",1933,2014,82,1.168,0.95,0.861,0.721,0.405,0.324,0.407,0.781
"105","TP2058W",1933,2014,82,1.766,1.717,1.008,0.576,0.351,0.302,0.317,0.727
"106","TP1011N",1907,2012,106,0.469,0.43,0.29,0.949,0.325,0.293,0.336,0.788
"107","TP1011E",1907,2012,106,0.527,0.434,0.319,0.994,0.314,0.252,0.326,0.842
"108","TP1011W",1923,2012,90,0.467,0.398,0.281,0.815,0.323,0.266,0.33,0.78
"109","TP1040W",1961,2012,52,1.201,1.23,0.315,-0.209,0.233,0.223,0.146,0.381
"110","TP1040E",1961,2012,52,1.101,1.023,0.361,0.472,0.24,0.246,0.182,0.545
"111","TP1040N",1957,2012,56,1.151,1.03,0.417,0.679,0.263,0.267,0.2,0.532
"112","TP2029N",1933,2013,81,0.93,0.814,0.479,1.068,0.311,0.307,0.277,0.553
"113","TP2029S",1933,2013,81,0.936,0.881,0.434,1.663,0.295,0.294,0.236,0.576
"114","TP2029E",1943,2013,71,1.168,1.078,0.52,0.746,0.283,0.265,0.242,0.668
"115","TP2004N",1931,2013,83,1.019,0.596,1.203,2.106,0.36,0.295,0.556,0.888
"116","TP2004S",1930,2013,84,1.087,0.603,1.374,1.84,0.315,0.238,0.593,0.92
"117","TP2004E",1928,2013,86,1.052,0.394,1.36,1.748,0.33,0.238,0.61,0.935
"118","TP2039N",1933,2013,81,0.62,0.308,0.712,1.58,0.314,0.297,0.566,0.869
"119","TP2039S",1933,2013,81,0.687,0.469,0.641,1.193,0.321,0.302,0.492,0.836
"120","TP2039E",1931,2013,83,0.681,0.393,0.789,1.574,0.268,0.252,0.571,0.898
"121","TP2039W",1931,2013,83,0.665,0.463,0.653,1.491,0.327,0.313,0.499,0.839
"122","TP2065N",1934,2014,81,1.205,0.919,0.863,1.338,0.279,0.235,0.373,0.826
"123","TP2065S",1934,2014,81,0.909,0.758,0.697,2.394,0.306,0.249,0.346,0.786
"124","TP1048E",1906,2014,109,1.041,0.986,0.457,0.832,0.273,0.258,0.237,0.652
"125","TP1048W",1906,2014,109,0.805,0.756,0.345,0.555,0.29,0.27,0.234,0.617
"126","TP1063N",1921,2012,92,1.51,1.391,0.739,0.507,0.253,0.228,0.274,0.828
"127","TP1063S",1921,2011,91,1.519,1.361,0.801,0.444,0.281,0.252,0.297,0.812
"128","TP2059E",1937,2014,78,2.295,1.895,1.586,1.753,0.296,0.276,0.352,0.783
"129","TP2059W",1940,2014,75,2.07,1.934,1.327,1.901,0.313,0.232,0.313,0.833
"130","TP2061E",1934,2014,81,2.526,2.116,1.619,1.707,0.26,0.211,0.309,0.88
"131","TP2061W",1937,2014,78,2.351,2.195,1.215,1.464,0.258,0.212,0.254,0.789
"132","TP2064N",1935,2014,80,2.002,1.84,1.052,1.599,0.234,0.211,0.265,0.751
"133","TP2064S",1939,2014,76,2.259,1.98,1.317,1.704,0.208,0.189,0.285,0.818
"134","TP1012S",1908,2013,106,1.092,0.874,0.604,1.725,0.164,0.161,0.269,0.906
"135","TP1012E",1908,2013,106,1.442,1.228,0.67,1.011,0.184,0.175,0.25,0.843
"136","TP1012N",1898,2013,116,1.429,1.256,0.647,1.29,0.19,0.183,0.237,0.849
"137","TP1014W",1898,2012,115,1.037,0.773,0.689,1.33,0.181,0.16,0.341,0.927
"138","TP1014E",1898,2011,114,1.319,1.092,0.781,0.693,0.183,0.17,0.329,0.888
"139","TP1017W",1901,2013,113,1.555,1.526,0.534,0.309,0.165,0.165,0.193,0.758
"140","TP1017S",1906,2013,108,1.339,1.332,0.409,0.349,0.166,0.173,0.173,0.702
"141","TP1017N",1900,2013,114,1.533,1.426,0.534,0.701,0.193,0.193,0.191,0.699
"142","TP1021W",1899,1988,90,1.134,0.954,0.605,0.645,0.178,0.182,0.297,0.863
"143","TP1021N",1899,1989,91,1.114,1.012,0.56,0.713,0.167,0.176,0.279,0.85
"144","TP1021S",1899,1990,92,1.063,0.78,0.669,0.572,0.164,0.159,0.349,0.924
"145","TP1022E",1900,2013,114,1.439,1.18,0.824,1.075,0.189,0.182,0.306,0.883
"146","TP1022W",1917,2013,97,1.518,1.169,0.909,0.896,0.183,0.163,0.325,0.905
"147","TP1022S",1918,2013,96,1.185,1.004,0.588,0.902,0.195,0.194,0.271,0.792
"148","TP1023N",1902,1991,90,1.247,1.072,0.641,0.994,0.179,0.174,0.277,0.86
"149","TP1023S",1902,1981,80,1.244,1.034,0.625,1.391,0.186,0.183,0.26,0.832
"150","TP1023W",1902,1991,90,1.169,0.98,0.65,0.654,0.204,0.193,0.309,0.881
"151","TP1025E",1906,2013,108,1.52,1.341,0.764,0.862,0.157,0.147,0.276,0.912
"152","TP1025S",1909,2013,105,1.317,1.146,0.724,0.956,0.148,0.144,0.297,0.912
"153","TP1025N",1896,2013,118,1.433,1.282,0.893,1.086,0.199,0.19,0.336,0.899
"154","TP1034W",1903,2013,111,1.806,1.645,0.833,0.63,0.168,0.167,0.258,0.856
"155","TP1034S",1901,2013,113,1.803,1.5,0.946,1.086,0.157,0.157,0.28,0.879
"156","TP1034E",1904,2013,110,1.986,1.891,0.791,0.387,0.16,0.164,0.225,0.833
"157","TP1039W",1900,2013,114,1.703,1.55,0.722,0.782,0.199,0.193,0.234,0.813
"158","TP1039E",1906,2013,108,2.192,1.894,1.155,0.864,0.215,0.198,0.288,0.866
"159","TP1039S",1916,2013,98,2.136,1.844,1.066,0.99,0.193,0.185,0.267,0.855
"160","TP1042E",1908,2013,106,0.989,0.782,0.754,2.293,0.222,0.227,0.343,0.88
"161","TP1042N",1896,2013,118,1.371,1.144,0.867,1.306,0.232,0.246,0.329,0.791
"162","TP1042S",1896,2013,118,0.911,0.613,0.733,1.507,0.253,0.277,0.4,0.846
"163","TP1043W",1899,2014,116,1.591,1.579,0.413,0.428,0.153,0.15,0.144,0.722
"164","TP1043E",1899,2014,116,1.317,1.272,0.355,0.565,0.156,0.155,0.151,0.691
"165","TP1044E",1899,2014,116,1.743,1.642,0.732,0.841,0.15,0.149,0.231,0.875
"166","TP1044W",1898,2014,117,1.623,1.569,0.568,0.277,0.144,0.143,0.2,0.839
"167","TP1046E",1924,2014,91,1.447,1.186,0.801,1.498,0.172,0.188,0.283,0.872
"168","TP1046W",1913,2014,102,1.031,0.836,0.588,1.286,0.159,0.158,0.294,0.919
"169","TP1047N",1903,2014,112,1.572,1.284,0.818,1.14,0.174,0.159,0.275,0.92
"170","TP1047S",1898,2014,117,1.649,1.515,0.69,1.183,0.169,0.166,0.222,0.864
"171","TP1049E",1902,2014,113,1.035,0.956,0.45,0.541,0.188,0.19,0.245,0.822
"172","TP1049W",1902,2014,113,1.087,0.922,0.706,0.934,0.214,0.2,0.354,0.901
"173","TP1050N",1904,2014,111,0.946,0.711,0.655,1.183,0.188,0.177,0.363,0.922
"174","TP1050S",1904,2005,102,0.941,0.842,0.618,0.798,0.159,0.149,0.361,0.92
"175","TP1052N",1904,2014,111,1.407,1.061,0.878,0.565,0.184,0.176,0.345,0.912
"176","TP1052W",1904,2014,111,1.2,1.075,0.623,0.326,0.179,0.181,0.293,0.873
"177","TP1053W",1900,2014,115,1.651,1.604,0.582,0.365,0.163,0.16,0.2,0.81
"178","TP1053S",1905,2014,110,1.76,1.775,0.659,0.248,0.147,0.147,0.214,0.852
"179","TP1054S",1900,2014,115,1.141,0.924,0.612,1.022,0.152,0.154,0.287,0.907
"180","TP1054N",1901,2014,114,1.227,1.248,0.453,0.379,0.151,0.146,0.208,0.847
"181","TP1055N",1909,1941,33,2.071,1.945,0.594,0.823,0.187,0.192,0.155,0.601
"182","TP1055S",1909,2014,106,0.854,0.711,0.562,0.605,0.173,0.174,0.367,0.893
"183","TP1056N",1908,2014,107,1.676,1.465,0.837,0.781,0.154,0.149,0.275,0.91
"184","TP1056S",1905,2014,110,1.434,1.343,0.615,0.926,0.14,0.142,0.234,0.889
"185","TP1057E",1906,2014,109,1.663,1.59,0.678,0.718,0.205,0.188,0.226,0.799
"186","TP1057W",1907,2014,108,1.338,1.203,0.548,0.548,0.196,0.181,0.229,0.812
"187","TP1060N",1917,2014,98,1.697,1.576,0.726,0.643,0.189,0.196,0.239,0.762
"188","TP1060S",1911,2014,104,1.332,1.302,0.511,0.3,0.208,0.205,0.218,0.764
"189","TP1061E",1899,2014,116,1.202,1.115,0.417,0.656,0.164,0.169,0.19,0.737
"190","TP1061W",1904,2014,111,1.392,1.381,0.442,0.198,0.155,0.145,0.179,0.808
"191","TP1062S",1900,2014,115,1.453,1.356,0.551,0.701,0.169,0.17,0.211,0.812
"192","TP1062N",1900,2014,115,1.305,1.207,0.486,0.703,0.164,0.167,0.207,0.793
"193","TP1064E",1912,2014,103,1.048,0.986,0.279,0.919,0.145,0.146,0.145,0.746
"194","TP1064W",1912,2014,103,1.324,1.283,0.34,0.935,0.154,0.159,0.137,0.64
"195","TP1065N",1923,2014,92,0.573,0.564,0.264,0.664,0.192,0.18,0.256,0.834
"196","TP1065S",1900,2014,115,0.868,0.794,0.461,0.917,0.174,0.168,0.29,0.88
"197","TP1066E",1900,2014,115,1.418,1.459,0.67,0.333,0.165,0.162,0.268,0.882
"198","TP1066W",1900,2014,115,1.206,1.01,0.681,0.702,0.182,0.18,0.312,0.888
"199","TP1068N",1916,2014,99,1.534,1.362,0.848,1.211,0.165,0.158,0.291,0.902
"200","TP1068S",1903,2014,112,1.716,1.75,0.71,0.236,0.165,0.16,0.236,0.866
"201","TP1070N",1903,2014,112,1.785,1.578,0.865,1.01,0.149,0.143,0.262,0.917
"202","TP1070W",1904,2014,111,1.647,1.597,0.627,0.732,0.158,0.154,0.211,0.841
"203","TP1071N",1904,2014,111,1.594,1.578,0.518,0.495,0.153,0.149,0.182,0.813
"204","TP1071W",1899,2014,116,1.68,1.626,0.558,0.298,0.169,0.164,0.187,0.81
"205","TP1075a",1905,2014,110,1.85,1.76,0.872,0.448,0.158,0.156,0.265,0.882
"206","TP1075b",1899,2014,116,1.788,1.668,0.821,0.645,0.157,0.147,0.256,0.906
"207","TP2005N",1935,2013,79,2.355,2.418,0.956,0.763,0.15,0.153,0.222,0.808
"208","TP2005S",1936,2013,78,2.297,2.212,0.64,0.521,0.143,0.135,0.156,0.739
"209","TP2005E",1941,2013,73,2.504,2.548,0.962,1.052,0.155,0.158,0.206,0.797
"210","TP2006S",1931,2013,83,1.082,0.852,0.777,0.986,0.173,0.176,0.385,0.895
"211","TP2006E",1932,2013,82,1.208,1.006,0.794,0.975,0.186,0.181,0.355,0.898
"212","TP2006W",1935,2013,79,0.993,0.732,0.733,1.339,0.206,0.198,0.375,0.907
"213","TP2008N",1935,2013,79,2.009,1.752,0.864,0.855,0.187,0.184,0.234,0.785
"214","TP2008E",1935,2013,79,1.918,1.647,0.753,0.838,0.171,0.165,0.214,0.839
"215","TP2008W",1938,2013,76,1.789,1.578,0.861,0.705,0.159,0.153,0.265,0.859
"216","TP2014N",1936,2013,78,1.972,2.038,0.458,-0.204,0.192,0.182,0.131,0.495
"217","TP2014E",1935,2013,79,2.049,1.903,0.693,0.812,0.192,0.185,0.181,0.676
"218","TP2014W",1950,2013,64,2.23,2.189,0.557,-0.044,0.173,0.167,0.141,0.517
"219","TP2017N",1929,2013,85,2.011,1.862,0.716,0.378,0.169,0.167,0.201,0.76
"220","TP2017W",1935,2013,79,1.863,1.721,0.649,0.87,0.153,0.153,0.19,0.809
"221","TP2017S",1933,2013,81,1.58,1.505,0.536,0.703,0.155,0.149,0.188,0.826
"222","TP2018N",1933,2013,81,1.579,1.289,0.746,1.173,0.15,0.146,0.248,0.91
"223","TP2018S",1933,2013,81,1.424,1.317,0.529,0.829,0.172,0.172,0.204,0.804
"224","TP2018W",1932,2013,82,1.45,1.259,0.54,1.002,0.171,0.173,0.199,0.794
"225","TP2019N",1932,2013,82,1.733,1.509,0.827,1.218,0.166,0.172,0.25,0.874
"226","TP2019S",1936,2013,78,2.001,1.818,0.797,0.989,0.176,0.177,0.215,0.764
"227","TP2019W",1933,2013,81,1.88,1.713,0.677,1.203,0.158,0.159,0.19,0.774
"228","TP2024S",1931,2013,83,1.801,1.304,1.14,0.813,0.18,0.177,0.342,0.88
"229","TP2024N",1931,2013,83,1.341,1.003,0.943,0.962,0.174,0.173,0.373,0.904
"230","TP2024W",1940,2013,74,1.508,1.001,1.113,1.139,0.176,0.181,0.384,0.903
"231","TP2026N",1938,2007,70,0.998,0.924,0.635,1.59,0.18,0.178,0.326,0.893
"232","TP2026S",1930,2008,79,0.968,0.973,0.585,0.674,0.209,0.185,0.334,0.887
"233","TP2027N",1938,2013,76,1.333,1.168,0.625,0.728,0.138,0.14,0.258,0.874
"234","TP2027E",1937,2013,77,1.317,1.129,0.747,1.198,0.154,0.153,0.298,0.862
"235","TP2027W",1937,2013,77,1.665,1.531,0.817,0.522,0.181,0.172,0.276,0.844
"236","TP2031N",1941,2013,73,1.343,1.26,0.427,0.905,0.167,0.169,0.172,0.657
"237","TP2031S",1934,2013,80,1.487,1.41,0.451,0.618,0.16,0.158,0.168,0.72
"238","TP2031W",1937,2013,77,1.436,1.321,0.453,1.205,0.144,0.154,0.167,0.737
"239","TP2033N",1935,2013,79,1.263,1.22,0.437,0.771,0.168,0.164,0.19,0.786
"240","TP2033S",1935,2013,79,1.705,1.755,0.523,-0.61,0.185,0.159,0.171,0.76
"241","TP2033W",1942,2013,72,1.644,1.584,0.454,0.057,0.147,0.141,0.157,0.765
"242","TP2038N",1944,2013,70,0.819,0.708,0.611,1.139,0.196,0.173,0.393,0.933
"243","TP2038S",1935,2013,79,1.116,1.047,0.883,0.529,0.19,0.177,0.438,0.929
"244","TP2038E",1938,2013,76,1.058,0.874,0.768,0.527,0.189,0.178,0.403,0.918
"245","TP2038W",1938,2013,76,1.003,0.879,0.727,0.639,0.167,0.153,0.401,0.92
"246","TP2041N",1938,2013,76,2.311,1.892,1.059,1.035,0.189,0.176,0.241,0.857
"247","TP2041S",1931,2013,83,2.388,1.927,1.239,0.815,0.189,0.193,0.283,0.785
"248","TP2041W",1931,2013,83,2.423,2.124,0.9,0.495,0.169,0.161,0.208,0.811
"249","TP2042N",1944,2013,70,2.889,2.769,0.951,0.379,0.163,0.157,0.186,0.775
"250","TP2042E",1938,2013,76,3.001,2.57,1.301,0.876,0.169,0.162,0.236,0.823
"251","TP2042W",1932,2013,82,2.279,2.088,0.881,0.799,0.169,0.16,0.212,0.851
"252","TP2044N",1938,2013,76,1.785,1.665,0.534,0.97,0.162,0.16,0.161,0.739
"253","TP2044E",1940,2013,74,1.727,1.621,0.523,0.865,0.189,0.184,0.164,0.704
"254","TP2044W",1940,2013,74,1.467,1.385,0.463,0.903,0.16,0.156,0.169,0.769
"255","TP2045N",1932,2013,82,1.608,1.442,0.614,0.814,0.156,0.159,0.21,0.845
"256","TP2045S",1932,2013,82,1.732,1.551,0.68,0.702,0.162,0.159,0.217,0.853
"257","TP2045W",1932,2013,82,1.521,1.34,0.61,0.903,0.171,0.166,0.218,0.846
"258","TP2049N",1936,2013,78,1.47,1.348,0.661,1.149,0.184,0.189,0.237,0.783
"259","TP2049S",1936,2013,78,1.495,1.275,0.654,0.903,0.18,0.176,0.236,0.83
"260","TP2049E",1938,2013,76,1.61,1.461,0.617,0.774,0.178,0.176,0.208,0.816
"261","TP2051N",1930,2013,84,1.117,0.831,0.734,0.55,0.148,0.168,0.368,0.882
"262","TP2051E",1932,2013,82,1.02,0.889,0.717,0.335,0.184,0.154,0.396,0.923
"263","TP2051W",1932,2013,82,1.157,1.179,0.663,0.171,0.161,0.155,0.326,0.897
"264","TP2054N",1938,2013,76,1.681,1.603,0.521,1.307,0.171,0.17,0.162,0.735
"265","TP2054E",1933,2013,81,2.025,2.017,0.549,0.656,0.156,0.147,0.143,0.685
"266","TP2054W",1933,2013,81,1.313,1.289,0.502,1.403,0.175,0.18,0.198,0.681
"267","TP2055N",1931,2013,83,1.398,1.1,0.799,1.095,0.159,0.176,0.303,0.874
"268","TP2055S",1931,2013,83,1.488,1.338,0.802,1.49,0.155,0.172,0.279,0.865
"269","TP2055W",1936,2013,78,1.538,1.402,0.616,1.661,0.172,0.177,0.204,0.75
"270","TP2056N",1931,2011,81,1.133,0.892,0.844,1.283,0.194,0.191,0.382,0.855
"271","TP2056S",1931,2013,83,1.494,1.229,1.079,1.017,0.19,0.178,0.386,0.868
"272","TP2056W",1940,2007,68,1.139,0.841,0.847,1.26,0.178,0.163,0.385,0.898
"273","TP2057S",1938,2013,76,1.226,1.053,0.954,0.907,0.171,0.16,0.42,0.93
"274","TP2057E",1931,2013,83,0.837,0.672,0.603,1.293,0.172,0.205,0.38,0.757
"275","TP2057W",1932,2013,82,1.874,1.717,1.268,0.724,0.184,0.182,0.372,0.872
"276","TP2060N",1935,2014,80,1.208,1.028,0.928,0.746,0.195,0.194,0.42,0.911
"277","TP2060S",1935,2014,80,1.083,0.861,0.907,0.866,0.193,0.198,0.453,0.902
"278","TP2062E",1941,2014,74,1.475,1.439,0.826,0.819,0.166,0.167,0.306,0.879
"279","TP2062W",1942,2014,73,1.865,1.696,0.835,1.363,0.209,0.204,0.234,0.799
"280","TP2063E",1939,2014,76,1.041,0.909,0.839,1.137,0.204,0.183,0.43,0.92
"281","TP2063W",1939,2010,72,1.169,1.038,0.85,1.047,0.165,0.169,0.391,0.909
"282","TP2066N",1937,2014,78,2.351,2.115,0.963,0.869,0.154,0.152,0.222,0.855
"283","TP2066S",1930,2014,85,2.34,2.041,0.999,0.986,0.195,0.199,0.229,0.683
"284","TP2067N",1931,2014,84,1.653,1.395,0.975,0.929,0.18,0.172,0.321,0.839
"285","TP2067S",1940,2014,75,1.913,1.801,0.752,1.068,0.195,0.194,0.211,0.793
"286","TP2068E",1936,2014,79,1.47,1.285,0.854,1.018,0.216,0.221,0.314,0.802
"287","TP2068W",1936,2014,79,1.606,1.236,1.033,1.175,0.175,0.168,0.338,0.906
"288","TP2069N",1930,2014,85,2.176,1.985,0.887,1.53,0.199,0.208,0.211,0.68
"289","TP2069W",1930,2014,85,1.861,1.737,0.691,1.155,0.178,0.173,0.198,0.816
"290","TP2070E",1958,2014,57,2.406,2.392,0.536,0.037,0.166,0.163,0.121,0.537
"291","TP2070W",1958,2014,57,2.013,2.034,0.403,-0.064,0.165,0.16,0.112,0.438
"292","TP2072E",1940,2014,75,1.799,1.254,1.423,1.202,0.172,0.168,0.408,0.933
"293","TP2072W",1940,2014,75,1.789,1.282,1.379,1.386,0.171,0.181,0.387,0.925
"294","TP2073E",1943,2014,72,1.708,1.532,0.977,1.138,0.181,0.183,0.303,0.889
"295","TP2073W",1943,2014,72,1.763,1.567,1.046,1.031,0.188,0.182,0.319,0.911
"296","TP2074E",1950,2014,65,2.349,2.259,0.647,0.524,0.152,0.152,0.154,0.72
"297","TP2074W",1953,2014,62,2.429,2.482,0.523,-0.212,0.153,0.149,0.12,0.586
"298","TP2077N",1930,2014,85,1.377,1.307,0.887,0.609,0.198,0.198,0.36,0.86
"299","TP2077S",1930,2014,85,1.122,1.022,0.674,0.652,0.218,0.224,0.335,0.837
"300","TP2079N",1935,2014,80,1.028,0.883,0.564,1.061,0.187,0.198,0.294,0.791
"301","TP2079S",1935,2014,80,1.304,1.107,0.743,0.723,0.191,0.196,0.315,0.854
"302","TP2080E",1936,2014,79,1.655,1.431,0.796,0.91,0.178,0.185,0.262,0.831
"303","TP2080W",1936,2014,79,1.613,1.294,0.828,1.107,0.153,0.153,0.269,0.885
"304","TP2081N",1932,2014,83,1.418,1.165,0.758,1.262,0.189,0.184,0.283,0.864
"305","TP2081S",1932,2014,83,1.698,1.47,0.687,1.287,0.181,0.173,0.207,0.791
"306","TP2082E",1932,2006,75,1.124,0.917,0.882,0.959,0.23,0.229,0.421,0.854
"307","TP2082W",1932,2004,73,1.313,1.046,1.008,0.945,0.174,0.177,0.414,0.889
"308","TP2083N",1930,2014,85,1.364,0.975,0.942,1.459,0.189,0.194,0.345,0.894
"309","TP2083S",1930,2014,85,1.741,1.398,1.076,1.805,0.182,0.2,0.299,0.818
"310","TP2085E",1935,2014,80,1.052,0.892,0.805,0.965,0.225,0.204,0.414,0.894
"311","TP2085W",1935,2014,80,1.195,1.218,0.877,0.65,0.205,0.2,0.406,0.882
"312","TP2086E",1932,2014,83,1.411,1.145,0.774,2.028,0.167,0.171,0.258,0.815
"313","TP2086W",1932,2014,83,1.646,1.475,0.595,1.12,0.159,0.162,0.193,0.73
"314","TP1002N",1970,2013,44,1.125,1.104,0.519,0.249,0.239,0.233,0.261,0.726
"315","TP1002W",1963,2013,51,1.099,1.076,0.394,0.226,0.281,0.275,0.202,0.476
"316","TP1002E",1967,2013,47,1.44,1.435,0.525,0.241,0.281,0.273,0.203,0.567
"317","TP1004S",1957,2013,57,2.488,2.571,0.833,0.046,0.224,0.212,0.187,0.594
"318","TP1004N",1963,2013,51,1.86,1.693,0.7,0.247,0.217,0.198,0.21,0.683
"319","TP1004E",1959,2013,55,2.008,2.088,0.878,0.554,0.254,0.245,0.242,0.612
"320","TP1005N",1973,2013,41,1.355,1.169,0.654,1.343,0.222,0.212,0.247,0.761
"321","TP1005E",1960,2013,54,1.184,1.128,0.42,0.923,0.21,0.206,0.191,0.661
"322","TP1009W",1974,2013,40,0.902,0.865,0.397,0.446,0.29,0.29,0.246,0.597
"323","TP1009E",1974,2013,40,1.394,1.286,0.591,0.404,0.246,0.224,0.236,0.692
"324","TP1009S",1974,2013,40,0.964,0.91,0.439,0.106,0.232,0.209,0.256,0.758
"325","TP1009N",1974,2013,40,1.159,1.114,0.473,0.443,0.263,0.277,0.228,0.585
"326","TP1013S",1954,2013,60,1.632,1.738,0.68,-0.116,0.236,0.191,0.237,0.79
"327","TP1013E",1949,2013,65,1.895,1.938,0.6,-0.432,0.208,0.181,0.175,0.62
"328","TP1013W",1950,2013,64,1.676,1.572,0.546,0.268,0.216,0.199,0.179,0.604
"329","TP1016W",1967,2013,47,1.364,1.346,0.585,0.028,0.273,0.231,0.242,0.716
"330","TP1016E",1967,2013,47,1.177,1.2,0.445,-0.208,0.251,0.216,0.208,0.665
"331","TP1016N",1968,2013,46,1.359,1.216,0.644,0.66,0.282,0.26,0.258,0.698
"332","TP1018E",1946,2013,68,1.624,1.569,0.537,0.095,0.242,0.214,0.183,0.611
"333","TP1018W",1954,2013,60,1.503,1.481,0.49,0.357,0.222,0.195,0.176,0.637
"334","TP1018S",1952,2013,62,1.563,1.451,0.523,0.231,0.215,0.189,0.184,0.705
"335","TP1019N",1960,2013,54,1.321,1.296,0.473,-0.071,0.28,0.25,0.198,0.575
"336","TP1019E",1955,2013,59,1.077,1.067,0.351,-0.607,0.263,0.196,0.174,0.59
"337","TP1019W",1959,2013,55,1.3,1.334,0.46,-0.206,0.265,0.228,0.199,0.648
"338","TP1026N",1944,2013,70,0.737,0.744,0.501,0.512,0.328,0.271,0.376,0.804
"339","TP1026E",1952,2013,62,0.572,0.426,0.534,1.246,0.349,0.25,0.485,0.866
"340","TP1026W",1952,2013,62,0.78,0.775,0.653,0.954,0.36,0.281,0.447,0.841
"341","TP1027E",1951,2013,63,1.223,1.209,0.447,0.149,0.259,0.229,0.201,0.589
"342","TP1027S",1956,2013,58,1.355,1.381,0.421,-0.19,0.284,0.261,0.172,0.416
"343","TP1027N",1956,2013,58,1.398,1.492,0.46,-0.339,0.236,0.207,0.183,0.63
"344","TP1028S",1960,2012,53,1.811,1.89,0.52,-0.952,0.213,0.173,0.151,0.636
"345","TP1028E",1955,2013,59,1.377,1.435,0.46,-0.644,0.269,0.207,0.183,0.567
"346","TP1028W",1969,2013,45,1.47,1.461,0.571,0.923,0.265,0.254,0.202,0.471
"347","TP1029N",1970,2013,44,1.177,1.23,0.394,0.077,0.24,0.229,0.186,0.557
"348","TP1029S",1970,2013,44,0.928,0.879,0.388,0.285,0.225,0.233,0.234,0.711
"349","TP1029E",1964,2013,50,1.234,1.258,0.588,-0.069,0.24,0.235,0.261,0.711
"350","TP1029W",1964,2013,50,0.846,0.854,0.447,-0.029,0.286,0.257,0.298,0.76
"351","TP1032N",1973,2013,41,1.872,1.812,0.561,0.65,0.2,0.191,0.158,0.573
"352","TP1032W",1974,2013,40,1.956,1.825,0.619,0.612,0.19,0.184,0.173,0.635
"353","TP1032E",1959,2013,55,1.119,1.046,0.463,1,0.255,0.228,0.222,0.759
"354","TP1033W",1951,2013,63,1.173,1.1,0.61,1.347,0.323,0.336,0.269,0.499
"355","TP1033N",1969,2013,45,1.114,1.093,0.65,1.209,0.308,0.292,0.306,0.66
"356","TP1033S",1969,2012,44,0.963,0.856,0.559,1.6,0.346,0.351,0.293,0.555
"357","TP1035S",1951,2013,63,1.618,1.499,0.754,0.592,0.339,0.256,0.251,0.703
"358","TP1035E",1951,2013,63,1.824,1.768,0.755,0.309,0.313,0.248,0.225,0.676
"359","TP1035N",1951,2013,63,1.541,1.452,0.712,0.203,0.321,0.235,0.259,0.742
"360","TP1036E",1960,2013,54,0.766,0.738,0.458,0.491,0.346,0.292,0.332,0.707
"361","TP1036W",1960,2013,54,1.298,1.208,0.714,0.493,0.353,0.276,0.307,0.771
"362","TP1036S",1957,2013,57,0.71,0.783,0.46,0.669,0.338,0.282,0.355,0.712
"363","TP1036N",1957,2012,56,1.015,0.95,0.577,0.42,0.332,0.307,0.319,0.731
"364","TP1041S",1971,2013,43,0.98,0.953,0.698,0.417,0.442,0.282,0.399,0.827
"365","TP1045E",1953,2014,62,1.414,1.313,0.457,0.449,0.178,0.171,0.182,0.762
"366","TP1045W",1953,2014,62,1.545,1.489,0.412,0.674,0.195,0.194,0.146,0.567
"367","TP1051N",1923,2014,92,1.231,1.009,0.774,0.776,0.257,0.208,0.345,0.878
"368","TP1051S",1923,2014,92,1.503,1.463,1.044,0.322,0.316,0.246,0.393,0.87
"369","TP1058N",1947,2014,68,1.507,1.462,0.427,-0.493,0.224,0.202,0.155,0.542
"370","TP1058S",1947,2014,68,1.557,1.5,0.565,0.416,0.236,0.223,0.199,0.631
"371","TP1059E",1957,2014,58,1.842,1.72,0.792,1.394,0.248,0.209,0.217,0.79
"372","TP1059W",1957,2014,58,2.055,2.139,0.853,0.495,0.223,0.194,0.231,0.8
"373","TP1067E",1965,2014,50,1.486,1.467,0.438,-0.263,0.269,0.254,0.163,0.356
"374","TP1067W",1965,2014,50,1.857,1.916,0.466,-0.941,0.249,0.221,0.131,0.363
"375","TP1069E",1940,2014,75,1.768,1.894,0.677,-0.339,0.232,0.2,0.214,0.716
"376","TP1069W",1940,2014,75,1.918,1.93,0.648,-0.293,0.207,0.181,0.188,0.729
"377","TP1072E",1945,2014,70,1.271,1.224,0.539,1.67,0.258,0.232,0.208,0.69
"378","TP1072W",1945,2014,70,1.665,1.718,0.554,0.133,0.219,0.199,0.176,0.611
"379","TP1073N",1928,2014,87,1.539,1.478,0.749,0.591,0.216,0.214,0.271,0.803
"380","TP1073S",1928,2014,87,1.683,1.608,0.76,0.732,0.197,0.187,0.249,0.794
"381","TP1074E",1956,2014,59,0.931,0.83,0.427,0.662,0.265,0.259,0.253,0.664
"382","TP1074W",1956,2014,59,1.458,1.449,0.392,-0.055,0.186,0.171,0.145,0.615
"383","TP2010N",1931,2013,83,0.782,0.681,0.585,1.403,0.306,0.306,0.388,0.825
"384","TP2010S",1931,2013,83,1.179,1.094,0.662,1.076,0.242,0.23,0.302,0.814
"385","TP2010W",1939,2013,75,0.929,0.875,0.481,1.066,0.249,0.239,0.279,0.75
"386","TP2052W",1958,2013,56,1.17,1.114,0.528,0.538,0.292,0.244,0.247,0.721
"387","TP2052S",1945,2013,69,1.093,1.104,0.506,1.021,0.256,0.243,0.246,0.696
"388","TP2053S",1937,2013,77,1.087,1.097,0.479,-0.092,0.268,0.219,0.25,0.767
"389","TP2053E",1957,2013,57,0.789,0.728,0.375,0.427,0.276,0.257,0.268,0.686
"390","TP2053W",1957,2013,57,0.796,0.729,0.413,1.067,0.3,0.283,0.277,0.652
"391","TP2071E",1943,2014,72,2.079,2.056,0.54,0.345,0.194,0.185,0.142,0.542
"392","TP2071N",1944,2014,71,1.902,1.946,0.617,0.121,0.197,0.19,0.184,0.639
"393","TP2078N",1936,2014,79,1.239,1.208,0.455,0.626,0.222,0.212,0.204,0.675
"394","TP2078S",1936,2014,79,1.589,1.461,0.613,0.754,0.21,0.212,0.214,0.684
"395","TP2084E",1930,2014,85,2.086,2.017,0.727,1.499,0.193,0.191,0.176,0.679
"396","TP2084W",1930,2014,85,1.899,1.706,0.864,1.682,0.227,0.225,0.228,0.754
"397","TP2117N",1956,1992,37,1.455,1.427,0.58,0.506,0.214,0.196,0.221,0.816
"398","TP2117S",1956,1978,23,1.961,1.845,0.492,0.826,0.207,0.205,0.129,0.45
"399","TP2118E",1936,1979,44,1.128,0.829,1.13,3.217,0.268,0.335,0.388,0.678
"400","TP2118W",1936,1973,38,1.159,0.75,1.047,1.558,0.289,0.338,0.428,0.768
"401","HOW1005E",1925,2013,89,0.63,0.412,0.445,0.826,0.23,0.222,0.382,0.882
"402","HOW1005W",1923,2013,91,0.89,0.792,0.496,0.571,0.263,0.25,0.312,0.758
"403","HOW1008N",1931,2013,83,0.686,0.6,0.448,0.759,0.255,0.235,0.361,0.872
"404","HOW1008S",1931,2013,83,0.972,0.863,0.565,0.552,0.232,0.222,0.326,0.833
"405","HOW1011N",1935,2013,79,0.733,0.671,0.265,1.534,0.165,0.166,0.184,0.804
"406","HOW1011S",1942,2013,72,0.946,0.831,0.471,0.623,0.159,0.162,0.277,0.878
"407","HOW1012N",1930,2013,84,1.266,1.203,0.441,0.595,0.189,0.19,0.194,0.724
"408","HOW1012S",1930,2013,84,1.298,1.194,0.576,0.237,0.189,0.175,0.252,0.861
"409","HOW1014W",1925,2013,89,1.349,1.176,0.68,0.621,0.194,0.184,0.28,0.868
"410","HOW1014E",1924,2013,90,1.146,1.019,0.592,0.636,0.199,0.192,0.287,0.857
"411","HOW1024E",1927,2013,87,0.682,0.617,0.29,0.754,0.203,0.188,0.233,0.829
"412","HOW1024W",1927,2013,87,0.901,0.726,0.504,1.333,0.231,0.242,0.292,0.763
"413","HOW1037E",1924,2013,90,0.35,0.292,0.177,1.522,0.202,0.197,0.255,0.857
"414","HOW1037S",1921,1996,76,0.311,0.282,0.099,0.902,0.197,0.196,0.173,0.686
"415","HOW1062E",1953,2013,61,0.973,0.777,0.665,0.787,0.205,0.179,0.375,0.863
"416","HOW1062W",1953,2013,61,1.282,0.81,0.838,0.489,0.215,0.149,0.361,0.9
"417","HOW1063E",1970,2013,44,1.359,1.481,0.57,-0.387,0.228,0.219,0.232,0.74
"418","HOW1069W",1944,2013,70,1.1,0.974,0.606,0.889,0.228,0.199,0.299,0.892
"419","HOW1069E",1925,2013,89,1.39,1.292,0.627,0.338,0.207,0.202,0.255,0.793
"420","HOW1076N",1929,2013,85,0.804,0.737,0.408,0.55,0.246,0.218,0.283,0.837
"421","HOW1076S",1929,2012,84,0.672,0.567,0.411,0.541,0.25,0.23,0.343,0.863
"422","HOW1082W",1871,2013,143,1.437,1.507,0.696,0.296,0.214,0.202,0.274,0.818
"423","HOW1082E",1871,2013,143,1.066,1.017,0.54,0.803,0.216,0.193,0.278,0.856
"424","HOW1094W",1855,2013,159,0.826,0.528,0.677,1.101,0.245,0.186,0.427,0.926
"425","HOW1094S",1893,2013,121,0.725,0.555,0.464,1.167,0.235,0.215,0.342,0.847
"426","HOW2001E",1885,2012,128,1.052,1.026,0.462,0.034,0.227,0.185,0.25,0.848
"427","HOW2001W",1873,2013,141,0.823,0.892,0.373,0.025,0.266,0.236,0.258,0.74
"428","HOW2002W",1875,2013,139,0.839,0.89,0.327,-0.181,0.188,0.173,0.221,0.825
"429","HOW2002E",1878,2013,136,1.168,1.091,0.577,0.665,0.184,0.168,0.274,0.896
"430","HOW2005E",1890,2013,124,1.095,1.034,0.543,1.285,0.181,0.178,0.264,0.863
"431","HOW2005W",1885,2013,129,1.086,1.026,0.48,0.451,0.177,0.17,0.249,0.853
"432","HOW2007E",1898,2013,116,0.593,0.516,0.324,0.771,0.241,0.219,0.302,0.804
"433","HOW2007W",1904,2013,110,1.12,1.095,0.411,0.123,0.213,0.194,0.206,0.771
"434","HOW2008E",1918,2013,96,0.813,0.738,0.351,0.385,0.21,0.198,0.245,0.812
"435","HOW2008W",1906,2013,108,0.844,0.698,0.474,0.655,0.206,0.196,0.313,0.892
"436","HOW2011W",1902,2013,112,0.62,0.591,0.406,0.479,0.279,0.243,0.369,0.859
"437","HOW2011E",1921,2013,93,0.777,0.699,0.525,0.712,0.249,0.21,0.375,0.902
"438","HOW2014E",1864,2013,150,0.721,0.593,0.574,0.833,0.328,0.224,0.438,0.899
"439","HOW2014W",1864,2013,150,0.835,0.737,0.636,0.734,0.339,0.244,0.422,0.871
"440","HOW2023W",1860,2010,151,0.923,0.927,0.464,1.232,0.191,0.178,0.267,0.882
"441","HOW2023E",1847,2013,167,1.207,1.061,0.64,0.471,0.211,0.187,0.3,0.896
"442","HOW2026N",1940,2013,74,1.166,1.025,0.754,0.816,0.209,0.191,0.356,0.922
"443","HOW2026S",1940,2013,74,1.293,1.175,0.563,0.615,0.155,0.146,0.242,0.896
"444","HOW2028N",1910,2013,104,0.862,0.691,0.673,0.967,0.241,0.205,0.424,0.923
"445","HOW2028S",1875,2013,139,0.704,0.646,0.499,0.711,0.286,0.223,0.394,0.906
"446","HOW2030S",1876,2013,138,0.866,0.768,0.473,0.57,0.229,0.216,0.306,0.815
"447","HOW2031N",1897,2013,117,0.314,0.263,0.241,1.108,0.395,0.351,0.411,0.795
"448","HOW2031S",1943,2011,69,0.328,0.258,0.262,0.758,0.259,0.203,0.438,0.919
"449","HOW2033E",1879,2013,135,1.14,1.223,0.53,0.044,0.191,0.169,0.266,0.876
"450","HOW2033W",1891,2013,123,0.933,1.009,0.432,0.057,0.198,0.176,0.261,0.859
"451","HOW2037N",1903,2013,111,0.657,0.509,0.513,1.607,0.28,0.2,0.397,0.927
"452","HOW2037S",1903,2013,111,0.567,0.476,0.369,0.756,0.277,0.22,0.359,0.859
"453","HOW2038S",1906,2013,108,0.853,0.768,0.497,0.722,0.257,0.194,0.323,0.916
"454","HOW2038N",1907,2013,107,0.749,0.586,0.565,1.249,0.274,0.205,0.399,0.908
"455","HOW2040S",1952,2013,62,0.445,0.388,0.363,3.078,0.306,0.333,0.356,0.738
"456","HOW2040N",1952,2013,62,0.478,0.304,0.472,1.916,0.328,0.369,0.463,0.718
"457","HOW2041N",1944,2013,70,0.843,0.8,0.465,0.357,0.261,0.234,0.313,0.845
"458","HOW2041S",1944,2013,70,0.974,0.823,0.667,0.603,0.277,0.203,0.381,0.909
"459","HOW2042E",1851,2011,161,0.741,0.698,0.483,0.544,0.238,0.21,0.367,0.89
"460","HOW2042W",1881,2013,133,0.711,0.592,0.462,0.692,0.221,0.198,0.362,0.907
"461","HOW2044E",1874,2013,140,1.429,1.336,0.507,0.812,0.207,0.202,0.192,0.676
"462","HOW2044W",1889,2013,125,1.368,1.208,0.693,1.45,0.241,0.228,0.26,0.817
"463","HOW2051N",1859,2013,155,1.228,1.109,0.53,1.048,0.224,0.225,0.232,0.744
"464","HOW2051S",1920,2013,94,1.485,1.405,0.559,0.306,0.192,0.179,0.214,0.773
"465","HOW2054N",1923,2013,91,0.665,0.358,0.678,1.597,0.271,0.203,0.485,0.946
"466","HOW2054S",1926,2013,88,0.822,0.563,0.795,1.294,0.347,0.236,0.496,0.927
"467","HOW2056N",1826,2013,188,0.677,0.468,0.535,1.049,0.306,0.223,0.424,0.915
"468","HOW2056S",1839,2013,175,0.763,0.684,0.462,0.811,0.288,0.223,0.335,0.874
"469","HOW2060W",1922,2013,92,0.998,0.917,0.614,1.449,0.26,0.22,0.323,0.833
"470","HOW2060E",1922,2013,92,0.728,0.65,0.463,1.013,0.224,0.212,0.343,0.887
"471","HOW2062N",1927,2013,87,1.141,0.83,0.71,0.79,0.199,0.162,0.339,0.862
"472","HOW2062S",1926,2013,88,1.505,1.397,0.622,0.093,0.201,0.174,0.234,0.821
"473","HOW2064E",1898,2013,116,0.525,0.5,0.345,0.498,0.227,0.189,0.369,0.92
"474","HOW2064W",1893,2013,121,0.471,0.269,0.412,1.344,0.238,0.199,0.444,0.932
"475","HOW2065N",1935,2013,79,0.674,0.692,0.333,-0.009,0.224,0.193,0.279,0.876
"476","HOW2072E",1932,2013,82,1.426,1.41,0.489,0.355,0.218,0.207,0.19,0.691
"477","HOW2074N",1859,2011,153,0.641,0.295,0.647,1.106,0.235,0.205,0.515,0.94
"478","HOW2074S",1860,2011,152,0.334,0.276,0.234,1.257,0.3,0.27,0.372,0.834
"479","HOW2077S",1932,2013,82,0.861,0.839,0.423,0.305,0.225,0.196,0.279,0.833
"480","HOW2077N",1933,2013,81,0.891,0.881,0.452,0.321,0.207,0.173,0.287,0.894
"481","HOW2072W",1932,2013,82,1.154,1.061,0.49,0.395,0.188,0.174,0.237,0.758
"482","HOW2081S",1917,2013,97,0.541,0.588,0.374,0.519,0.211,0.183,0.384,0.907
"483","HOW2081N",1917,2006,90,0.364,0.319,0.251,0.858,0.272,0.247,0.377,0.879
"484","HOW2085E",1906,2013,108,0.52,0.438,0.367,0.92,0.23,0.202,0.385,0.915
"485","HOW2085W",1912,2013,102,0.657,0.592,0.444,0.751,0.249,0.186,0.374,0.923
"486","HOW2089W",1931,2013,83,0.807,0.629,0.597,0.713,0.231,0.16,0.41,0.915
"487","HOW2089E",1929,2013,85,0.982,1.037,0.786,0.418,0.24,0.159,0.445,0.939
"488","HOW2092E",1878,2013,136,1.168,1.091,0.577,0.665,0.184,0.168,0.274,0.896
"489","HOW2092W",1875,2013,139,0.839,0.89,0.327,-0.181,0.188,0.173,0.221,0.825
"490","HOW2095W",1877,2013,137,0.585,0.509,0.394,0.364,0.339,0.245,0.381,0.868
"491","HOW2095E",1877,2013,137,0.751,0.695,0.46,0.612,0.278,0.202,0.342,0.893
"492","HOW2097E",1884,2013,130,0.816,0.811,0.544,0.736,0.292,0.25,0.368,0.853
"493","HOW2097W",1912,2013,102,0.627,0.605,0.37,0.373,0.306,0.231,0.335,0.859
"494","HOW2099W",1889,2013,125,0.903,0.883,0.57,0.337,0.215,0.186,0.359,0.907
"495","HOW2099E",1889,2013,125,0.729,0.61,0.479,0.549,0.233,0.185,0.369,0.921
"496","HOW2100W",1932,2013,82,0.609,0.372,0.473,0.577,0.219,0.198,0.425,0.923
"497","HOW3001W",1920,2013,94,0.917,0.884,0.335,0.529,0.206,0.198,0.206,0.718
"498","HOW3001E",1920,2013,94,0.786,0.754,0.305,0.977,0.209,0.196,0.207,0.719
"499","HOW3003S",1874,2005,132,0.548,0.492,0.341,0.479,0.235,0.209,0.351,0.874
"500","HOW3004N",1932,2013,82,1.09,0.956,0.512,1.111,0.195,0.18,0.251,0.884
"501","HOW3004S",1933,2013,81,1.374,1.252,0.547,0.155,0.191,0.168,0.224,0.823
"502","HOW3005S",1897,2013,117,2.13,2.22,0.647,-0.238,0.173,0.168,0.172,0.747
"503","HOW3005N",1873,2013,141,1.189,1.163,0.479,0.394,0.187,0.17,0.227,0.852
"504","HOW3007S",1911,2013,103,1.32,1.364,0.672,0.21,0.247,0.239,0.291,0.789
"505","HOW3007N",1939,2013,75,0.807,0.747,0.481,0.565,0.241,0.221,0.333,0.831
"506","HOW3008E",1904,2013,110,1.057,1.135,0.35,-0.381,0.182,0.167,0.186,0.767
"507","HOW3008W",1904,2013,110,0.954,0.908,0.34,0.306,0.186,0.174,0.2,0.781
"508","HOW3009N",1897,2013,117,0.924,0.881,0.384,0.389,0.238,0.207,0.233,0.794
"509","HOW3009S",1900,2013,114,1.205,1.149,0.47,0.306,0.234,0.202,0.218,0.769
"510","HOW3010W",1884,2013,130,1.069,1.066,0.467,0.041,0.27,0.223,0.247,0.78
"511","HOW3010E",1887,2013,127,1.062,1.027,0.358,0.108,0.266,0.226,0.186,0.624
"512","HOW3011E",1923,2013,91,0.349,0.29,0.187,1.215,0.254,0.253,0.282,0.776
"513","HOW3011W",1920,2013,94,0.296,0.259,0.163,2.013,0.303,0.283,0.269,0.711
"514","HOW3012S",1867,2013,147,0.677,0.637,0.354,0.821,0.244,0.206,0.288,0.808
"515","HOW3012N",1867,2013,147,0.616,0.53,0.345,0.98,0.251,0.218,0.305,0.814
"516","HOW3013N",1898,2013,116,0.653,0.58,0.293,0.661,0.239,0.216,0.25,0.797
"517","HOW3013A",1937,2013,77,0.742,0.655,0.311,0.849,0.197,0.177,0.229,0.845
"518","HOW3014E",1909,2013,105,1.533,1.574,0.575,0.358,0.198,0.198,0.21,0.733
"519","HOW3014I",1809,1906,98,0.863,0.577,0.6,0.513,0.25,0.205,0.387,0.909
"520","HOW3014W",1869,2013,145,1.374,1.336,0.532,0.97,0.199,0.209,0.21,0.68
"521","HOW3019W",1882,2013,132,0.597,0.595,0.347,0.349,0.241,0.219,0.329,0.843
"522","HOW3019E",1864,2013,150,0.541,0.476,0.367,0.836,0.338,0.246,0.374,0.808
"523","HOW3020E",1866,2012,147,0.78,0.726,0.393,0.487,0.243,0.223,0.285,0.824
"524","HOW3020W",1920,2012,93,0.667,0.594,0.298,0.831,0.218,0.215,0.246,0.796
"525","HOW3021N",1863,2013,151,0.443,0.425,0.192,1.073,0.223,0.205,0.234,0.762
"526","HOW3021S",1863,2013,151,0.71,0.621,0.354,0.447,0.228,0.191,0.282,0.856
"527","HOW3022E",1898,2013,116,1.074,1.063,0.455,0.166,0.208,0.179,0.242,0.827
"528","HOW3022W",1898,2013,116,0.683,0.636,0.307,1.058,0.216,0.199,0.241,0.815
"529","HOW3025S",1945,2013,69,0.664,0.591,0.451,0.53,0.232,0.207,0.38,0.89
"530","HOW3025N",1945,2013,69,0.667,0.589,0.454,0.54,0.218,0.205,0.381,0.894
"531","HOW3026E",1926,2013,88,0.944,0.978,0.499,0.393,0.17,0.175,0.297,0.877
"532","HOW3026W",1885,2013,129,1.115,1.099,0.587,0.658,0.204,0.2,0.293,0.818
"533","HOW3027N",1896,2013,118,0.635,0.536,0.394,0.605,0.27,0.211,0.347,0.898
"534","HOW3027S",1896,2013,118,0.937,0.838,0.609,0.603,0.221,0.199,0.363,0.913
"535","HOW3029S",1862,2013,152,1.377,1.316,0.666,0.956,0.217,0.195,0.262,0.863
"536","HOW3029N",1857,2013,157,1.12,1.113,0.477,0.324,0.201,0.192,0.237,0.796
"537","HOW3034E",1906,2013,108,1.08,1.105,0.52,0.575,0.211,0.194,0.268,0.855
"538","HOW3034W",1848,2012,165,0.796,0.709,0.481,0.768,0.256,0.199,0.334,0.891
"539","HOW3035E",1936,2013,78,0.711,0.654,0.524,0.79,0.35,0.226,0.405,0.898
"540","HOW3035W",1940,2013,74,0.478,0.268,0.428,0.842,0.299,0.232,0.484,0.91
"541","HOW3036E",1942,2011,70,0.956,0.766,0.459,1.014,0.144,0.14,0.258,0.85
"542","HOW3036W",1943,2013,71,0.776,0.619,0.504,1.033,0.135,0.111,0.345,0.903
"543","HOW3037E",1854,2013,160,1.102,0.914,0.665,0.82,0.245,0.21,0.333,0.874
"544","HOW3037W",1851,2013,163,1.016,0.916,0.414,0.38,0.208,0.184,0.231,0.839
"545","HOW3038W",1902,2013,112,1.379,1.348,0.791,0.17,0.173,0.152,0.328,0.917
"546","HOW3038E",1923,2013,91,0.87,0.807,0.398,0.576,0.159,0.164,0.256,0.842
"547","HOW3042S",1930,2013,84,1.355,1.348,0.486,0.362,0.183,0.178,0.203,0.797
"548","HOW3042N",1900,2013,114,1.11,1.101,0.573,-0.107,0.226,0.17,0.296,0.9
"549","HOW3043W",1902,2013,112,1.364,1.381,0.534,-0.035,0.214,0.184,0.223,0.778
"550","HOW3043E",1920,2013,94,1.039,1.05,0.347,0.454,0.181,0.169,0.185,0.776
"551","HOW3044S",1929,2013,85,0.992,1.073,0.606,0.162,0.219,0.174,0.347,0.904
"552","HOW3044N",1915,2013,99,0.675,0.638,0.414,0.296,0.218,0.168,0.349,0.916
"553","HOW3045W",1926,2013,88,1.32,1.289,0.71,0.356,0.187,0.168,0.305,0.88
"554","HOW3046N",1888,2013,126,1.091,1,0.49,0.651,0.182,0.168,0.25,0.861
"555","HOW3046S",1886,2013,128,1.268,1.183,0.506,0.15,0.214,0.185,0.226,0.812
"556","HOW3047E",1880,2013,134,1.171,0.936,0.781,0.946,0.223,0.191,0.363,0.925
"557","HOW3048N",1918,2013,96,0.606,0.438,0.373,1.131,0.198,0.206,0.326,0.849
"558","HOW3048S",1919,2012,94,0.986,0.981,0.453,0.205,0.197,0.196,0.26,0.836
"559","HOW3049S",1960,2013,54,0.898,0.825,0.408,1.544,0.176,0.175,0.23,0.798
"560","HOW3049N",1960,2013,54,1.022,1.043,0.447,0.462,0.167,0.165,0.244,0.827
"561","HOW3052N",1892,2013,122,1.15,1.055,0.516,0.776,0.242,0.227,0.246,0.725
"562","HOW3053W",1954,2013,60,1.311,1.011,0.931,0.966,0.19,0.162,0.381,0.936
"563","HOW3053E",1904,2013,110,1.042,0.952,0.652,1.121,0.198,0.207,0.337,0.853
"564","HOW3055N",1948,2013,66,1.316,1.379,0.654,0.391,0.193,0.196,0.279,0.838
"565","HOW3055S",1922,2013,92,1.241,1.192,0.612,1.396,0.203,0.223,0.261,0.736
"566","HOW3058E",1908,2013,106,1.02,0.938,0.646,1.71,0.251,0.23,0.318,0.863
"567","HOW3058W",1969,2013,45,0.738,0.7,0.248,0.353,0.228,0.225,0.188,0.525
"568","HOW3059W",1933,2013,81,0.427,0.36,0.366,1.182,0.367,0.238,0.457,0.92
"569","HOW3059E",1934,1991,58,0.676,0.567,0.402,0.707,0.2,0.178,0.327,0.891
"570","HOW3060N",1905,2013,109,0.753,0.696,0.331,0.872,0.231,0.222,0.238,0.756
"571","HOW3060S",1905,2013,109,0.867,0.786,0.461,0.697,0.231,0.194,0.295,0.865
"572","HOW3061E",1890,2013,124,1.579,1.519,0.613,0.12,0.226,0.18,0.218,0.819
"573","HOW3061S",1925,2013,89,1.565,1.467,0.461,0.429,0.138,0.133,0.165,0.785
"574","HOW3064W",1936,2013,78,1.986,1.92,0.454,0.614,0.158,0.153,0.123,0.645
"575","HOW3064E",1948,2013,66,1.72,1.443,0.806,0.795,0.189,0.185,0.256,0.859
"576","HOW3066N",1849,2013,165,0.847,0.816,0.47,0.362,0.293,0.246,0.315,0.795
"577","HOW3066S",1849,2013,165,0.688,0.715,0.395,0.316,0.248,0.199,0.326,0.881
"578","HOW3067S",1903,2013,111,0.976,0.762,0.614,1.35,0.216,0.187,0.319,0.918
"579","HOW3067N",1926,2013,88,0.582,0.435,0.432,1.924,0.228,0.225,0.359,0.901
"580","HOW3068N",1864,2013,150,0.774,0.69,0.488,1.375,0.254,0.227,0.332,0.872
"581","HOW3069N",1886,2011,126,0.383,0.296,0.285,1.11,0.36,0.293,0.399,0.864
"582","HOW3069S",1886,2010,125,0.377,0.265,0.327,1.436,0.337,0.242,0.445,0.916
"583","HOW3070N",1875,2012,138,0.222,0.177,0.182,2.744,0.354,0.348,0.368,0.737
"584","HOW3071N",1857,2013,157,1.315,1.194,0.775,0.95,0.192,0.159,0.317,0.925
"585","HOW3071S",1929,2013,85,1.914,1.844,0.737,0.587,0.17,0.165,0.214,0.847
"586","HOW3072S",1930,2013,84,1.263,1.186,0.533,0.272,0.197,0.177,0.239,0.858
"587","HOW3072N",1862,2013,152,0.66,0.608,0.356,0.974,0.212,0.192,0.294,0.871
"588","HOW3074S",1859,2007,149,0.415,0.315,0.303,0.73,0.309,0.285,0.405,0.833
"589","HOW3074N",1859,2008,150,0.286,0.24,0.179,1.083,0.402,0.28,0.334,0.804
"590","HOW3075W",1884,2013,130,0.449,0.382,0.257,0.983,0.215,0.205,0.31,0.879
"591","HOW3075E",1884,2013,130,0.361,0.3,0.199,1.521,0.212,0.203,0.279,0.871
"592","HOW3076E",1881,2013,133,1.266,1.223,0.372,0.539,0.182,0.178,0.165,0.677
"593","HOW3076W",1879,2013,135,1.027,0.936,0.46,0.827,0.212,0.192,0.246,0.828
"594","HOW3077N",1895,2013,119,0.869,0.885,0.444,0.312,0.215,0.167,0.289,0.902
"595","HOW3077S",1895,2013,119,0.827,0.685,0.489,0.732,0.213,0.16,0.326,0.924
"596","HOW3078N",1874,2013,140,1.018,0.942,0.498,0.793,0.252,0.251,0.27,0.72
"597","HOW3078S",1858,2013,156,0.758,0.714,0.357,0.289,0.245,0.222,0.266,0.793
"598","HOW3079E",1863,2012,150,0.609,0.496,0.43,0.514,0.285,0.21,0.397,0.907
"599","HOW3079W",1864,2009,146,0.602,0.498,0.468,0.872,0.345,0.234,0.427,0.908
"600","HOW3080E",1940,2013,74,1.618,1.492,0.527,0.714,0.223,0.221,0.178,0.617
"601","HOW3080W",1940,2013,74,1.275,1.024,0.653,1.607,0.225,0.228,0.258,0.785
"602","HOW3081W",1957,2012,56,1.426,1.193,0.668,0.886,0.207,0.195,0.254,0.826
"603","HOW3081E",1956,2012,57,1.55,1.269,0.66,0.7,0.176,0.157,0.232,0.862
"604","HOW3083S",1870,2012,143,1.396,1.265,0.593,0.871,0.194,0.173,0.231,0.867
"605","HOW3083N",1897,2013,117,1.232,1.132,0.637,0.318,0.175,0.152,0.294,0.915
"606","HOW3084N",1889,2013,125,1.552,1.522,0.628,0.63,0.211,0.198,0.218,0.776
"607","HOW3084S",1865,2013,149,1.287,1.202,0.724,0.705,0.248,0.202,0.313,0.877
"608","HOW3086S",1944,2013,70,0.802,0.746,0.5,0.461,0.23,0.215,0.35,0.876
"609","HOW3086N",1944,2013,70,0.7,0.606,0.357,0.381,0.251,0.251,0.288,0.757
"610","HOW3087W",1957,2012,56,1.426,1.193,0.668,0.886,0.207,0.195,0.254,0.826
"611","HOW3087E",1956,2012,57,1.55,1.269,0.66,0.7,0.176,0.157,0.232,0.862
"612","HOW1040E",1929,2013,85,0.736,0.619,0.31,1.356,0.157,0.158,0.214,0.85
"613","HOW1040W",1929,2013,85,0.736,0.629,0.31,1.39,0.16,0.158,0.212,0.864
"614","HOW1041E",1932,2013,82,0.698,0.68,0.276,0.81,0.146,0.15,0.215,0.84
"615","HOW1041W",1932,2013,82,0.463,0.388,0.317,1.011,0.242,0.21,0.363,0.875
"616","HOW1050N",1869,2009,141,0.667,0.582,0.364,1.06,0.155,0.153,0.294,0.895
"617","HOW1051E",1891,2013,123,0.577,0.541,0.228,0.584,0.128,0.129,0.221,0.896
"618","HOW1051W",1876,2013,138,0.649,0.604,0.257,1.03,0.138,0.142,0.214,0.86
"619","HOW1052N",1875,2013,139,0.716,0.676,0.23,0.951,0.165,0.161,0.174,0.726
"620","HOW1052S",1875,2013,139,0.681,0.623,0.239,0.749,0.173,0.16,0.194,0.81
"621","HOW1053E",1863,2013,151,0.699,0.604,0.417,0.848,0.219,0.224,0.329,0.804
"622","HOW1053W",1864,2013,150,0.767,0.585,0.453,0.672,0.181,0.169,0.328,0.912
"623","HOW1065W",1880,2013,134,0.875,0.828,0.24,0.96,0.156,0.155,0.149,0.686
"624","HOW1065E",1884,2013,130,0.696,0.686,0.194,0.133,0.158,0.156,0.158,0.701
"625","HOW1089N",1900,2013,114,0.96,0.764,0.595,1.215,0.19,0.187,0.326,0.9
"626","HOW1089S",1927,2013,87,0.863,0.752,0.515,0.507,0.199,0.16,0.336,0.893
"627","HOW1092W",1946,2009,64,0.454,0.43,0.235,0.355,0.292,0.231,0.289,0.749
"628","HOW1092E",1937,2011,75,0.575,0.459,0.406,1.174,0.278,0.242,0.371,0.845
"629","HOW1098W",1868,1996,129,0.772,0.854,0.558,0.063,0.307,0.193,0.41,0.93
"630","HOW1098E",1868,2007,140,0.675,0.716,0.461,0.13,0.269,0.188,0.388,0.921
"631","HOW1099S",1872,2013,142,0.805,0.571,0.547,0.672,0.228,0.183,0.376,0.926
"632","HOW1099N",1872,2013,142,0.776,0.605,0.505,0.899,0.229,0.204,0.354,0.904
"633","HOW1121N",1920,2013,94,0.548,0.478,0.31,0.993,0.298,0.271,0.306,0.653
"634","HOW1121S",1906,2013,108,0.495,0.399,0.31,1.212,0.309,0.275,0.332,0.772
"635","HOW2003W",1931,2004,74,1.238,1.194,0.44,0.687,0.166,0.167,0.196,0.795
"636","HOW2015E",1939,2013,75,0.55,0.488,0.395,1.589,0.237,0.211,0.362,0.849
"637","HOW2015W",1960,2013,54,0.256,0.229,0.136,0.699,0.33,0.297,0.295,0.728
"638","HOW2021S",1908,2013,106,0.699,0.67,0.306,0.515,0.248,0.23,0.243,0.722
"639","HOW2045S",1944,2013,70,0.765,0.726,0.309,1.617,0.202,0.185,0.195,0.78
"640","HOW2045N",1958,2013,56,1.035,0.964,0.311,1.729,0.135,0.134,0.149,0.646
"641","HOW2050E",1947,2013,67,0.598,0.578,0.281,1.404,0.205,0.203,0.235,0.785
"642","HOW2050W",1956,2013,58,0.745,0.684,0.277,0.915,0.195,0.191,0.201,0.729
"643","HOW2055N",1930,2013,84,0.719,0.675,0.357,0.866,0.24,0.204,0.271,0.854
"644","HOW2052N",1917,2013,97,0.489,0.448,0.2,0.107,0.199,0.169,0.229,0.842
"645","HOW2058E",1953,2013,61,0.363,0.357,0.119,0.275,0.237,0.224,0.185,0.611
"646","HOW2058S",1960,2013,54,0.568,0.544,0.159,0.597,0.186,0.186,0.153,0.596
"647","HOW2071E",1916,2013,98,0.824,0.704,0.444,0.797,0.172,0.163,0.297,0.909
"648","HOW2071W",1902,2013,112,0.788,0.722,0.34,0.599,0.181,0.164,0.24,0.838
"649","HOW2078E",1913,2013,101,1.13,0.948,0.575,0.827,0.216,0.189,0.277,0.867
"650","HOW2078W",1913,2013,101,1.398,1.302,0.565,0.691,0.194,0.166,0.22,0.827
"651","HOW2084W",1923,2012,90,0.569,0.571,0.19,0.301,0.207,0.195,0.187,0.701
"652","HOW2084E",1885,2013,129,0.537,0.481,0.325,1.131,0.233,0.226,0.323,0.866
"653","HOW2087W",1944,2013,70,0.441,0.374,0.266,0.259,0.251,0.167,0.343,0.928
"654","HOW2087E",1919,2013,95,0.733,0.549,0.526,0.704,0.193,0.161,0.394,0.921
"655","HOW2101W",1898,2013,116,0.867,0.794,0.385,0.72,0.193,0.181,0.246,0.847
"656","HOW2101E",1895,2013,119,0.863,0.756,0.448,0.624,0.218,0.197,0.29,0.867
"657","HOW2126W",1950,2009,60,0.98,0.978,0.304,0.348,0.167,0.168,0.173,0.707
"658","HOW1077N",1934,2013,80,2.052,2.111,0.846,-0.466,0.173,0.146,0.223,0.861
"659","HOW1077S",1934,2013,80,2.506,2.535,1,-0.567,0.195,0.176,0.218,0.831
"660","HOW1078E",1946,2013,68,1.791,1.852,1.01,-0.231,0.267,0.156,0.319,0.913
"661","HOW1078W",1935,2013,79,2.391,2.335,1.158,-0.144,0.21,0.155,0.27,0.905
"662","HOW1106S",1931,2013,83,2.815,2.66,1.315,0.623,0.198,0.176,0.252,0.813
"663","HOW1106N",1934,2013,80,2.575,2.482,1.263,0.835,0.215,0.182,0.261,0.865
"664","HOW1112E",1930,2013,84,2.515,2.375,0.867,0.931,0.152,0.154,0.187,0.793
"665","HOW1112W",1931,2013,83,2.12,2.04,0.678,0.863,0.16,0.163,0.174,0.721
"666","HOW1124E",1929,2013,85,2.601,2.628,0.931,0.083,0.148,0.149,0.2,0.838
"667","HOW1124W",1934,2013,80,2.295,2.309,0.693,0.035,0.164,0.15,0.171,0.754
"668","HOW1128E",1930,2014,85,1.005,0.751,0.616,1.144,0.168,0.162,0.32,0.924
"669","HOW1128W",1930,2014,85,1.239,0.853,0.789,0.699,0.188,0.188,0.348,0.896
"670","HOW2106E",1839,2013,175,0.938,0.921,0.45,0.282,0.177,0.157,0.271,0.895
"671","HOW2106W",1857,2011,155,0.911,0.996,0.401,-0.532,0.214,0.19,0.246,0.824
"672","HOW1001N",1931,2013,83,1.075,1.019,0.554,0.659,0.198,0.182,0.286,0.859
"673","HOW1002E",1965,2013,49,1.147,1.13,0.635,0.339,0.279,0.25,0.312,0.81
"674","HOW1002W",1967,2012,46,1.077,0.79,0.784,0.95,0.19,0.144,0.38,0.945
"675","HOW1004N",1920,2001,82,0.888,0.918,0.43,-0.175,0.241,0.191,0.273,0.829
"676","HOW1004S",1920,2000,81,0.751,0.794,0.362,-0.24,0.243,0.211,0.271,0.793
"677","HOW1006A",1877,2013,137,0.988,0.786,0.738,0.621,0.23,0.201,0.417,0.911
"678","HOW1006B",1877,2013,137,0.837,0.506,0.794,1.179,0.257,0.194,0.496,0.947
"679","HOW1009N",1933,2013,81,1.242,1.316,0.527,0.072,0.175,0.18,0.242,0.821
"680","HOW1009S",1933,2013,81,1.093,1.072,0.39,0.151,0.186,0.183,0.201,0.74
"681","HOW1010S",1937,2013,77,0.767,0.57,0.542,0.619,0.281,0.224,0.391,0.893
"682","HOW1010N",1937,2013,77,0.817,0.599,0.553,0.571,0.252,0.207,0.376,0.901
"683","HOW1013N",1941,2013,73,1.39,1.392,0.291,0.123,0.159,0.155,0.118,0.566
"684","HOW1013S",1941,2013,73,1.436,1.423,0.379,1.131,0.179,0.178,0.139,0.563
"685","HOW1020W",1938,2013,76,1.172,1.269,0.501,-0.032,0.175,0.169,0.243,0.824
"686","HOW1020E",1938,2013,76,0.901,0.915,0.55,0.5,0.195,0.18,0.341,0.868
"687","HOW1021E",1927,2013,87,1.464,1.39,0.598,0.55,0.208,0.207,0.226,0.739
"688","HOW1021W",1927,2013,87,1.4,1.437,0.544,0.058,0.171,0.163,0.222,0.822
"689","HOW1022W",1962,2000,39,1.237,1.176,0.366,0.544,0.199,0.194,0.163,0.599
"690","HOW1022E",1962,2008,47,1.204,1.143,0.38,0.377,0.218,0.204,0.176,0.654
"691","HOW1023N",1939,2013,75,1.333,1.301,0.341,0.721,0.197,0.198,0.14,0.453
"692","HOW1023S",1939,2013,75,1.513,1.483,0.442,0.388,0.218,0.219,0.163,0.489
"693","HOW1025N",1935,2013,79,0.989,0.893,0.521,1.019,0.162,0.161,0.283,0.851
"694","HOW1025S",1935,2013,79,1.131,1.06,0.49,0.664,0.163,0.153,0.24,0.863
"695","HOW1026N",1930,2013,84,1.064,0.731,0.812,0.973,0.221,0.186,0.408,0.928
"696","HOW1026S",1930,2013,84,0.989,0.724,0.731,1.134,0.206,0.182,0.389,0.921
"697","HOW1027W",1925,2013,89,0.979,0.748,0.84,0.846,0.269,0.191,0.468,0.922
"698","HOW1027E",1925,2013,89,1.021,0.753,0.783,1.047,0.29,0.218,0.407,0.894
"699","HOW1028S",1943,2013,71,1.563,1.393,0.807,1.038,0.156,0.154,0.278,0.873
"700","HOW1028N",1943,2013,71,1.441,1.443,0.569,0.418,0.163,0.154,0.223,0.831
"701","HOW1031S",1936,2013,78,0.63,0.504,0.512,0.772,0.269,0.196,0.447,0.917
"702","HOW1031N",1936,2010,75,0.597,0.445,0.475,0.896,0.243,0.183,0.433,0.924
"703","HOW1032E",1937,2007,71,0.507,0.531,0.418,0.586,0.267,0.201,0.454,0.916
"704","HOW1032W",1937,2008,72,0.662,0.69,0.518,0.289,0.29,0.219,0.438,0.899
"705","HOW1033N",1929,2013,85,1.086,1.081,0.57,0.344,0.206,0.183,0.297,0.875
"706","HOW1033S",1929,2013,85,1.296,1.251,0.543,0.143,0.185,0.177,0.239,0.833
"707","HOW1034S",1940,2013,74,0.918,0.572,0.835,0.718,0.247,0.156,0.493,0.936
"708","HOW1035E",1930,2013,84,1.659,1.582,0.689,0.405,0.198,0.187,0.235,0.829
"709","HOW1035W",1930,2013,84,1.091,1.006,0.502,0.774,0.181,0.176,0.254,0.861
"710","HOW1036N",1911,2013,103,1.023,0.945,0.687,0.841,0.219,0.199,0.369,0.9
"711","HOW1036S",1909,2013,105,0.941,0.939,0.55,0.175,0.22,0.181,0.333,0.898
"712","HOW1038W",1939,2013,75,1,0.873,0.617,0.502,0.176,0.149,0.345,0.918
"713","HOW1038E",1939,2013,75,1.107,1.124,0.693,0.231,0.161,0.142,0.353,0.931
"714","HOW1039E",1894,2013,120,1.367,1.46,0.845,-0.105,0.213,0.182,0.352,0.897
"715","HOW1039W",1894,2013,120,1.09,1.062,0.66,0.131,0.252,0.201,0.346,0.888
"716","HOW1043E",1929,2013,85,0.994,0.754,0.615,1.157,0.163,0.16,0.323,0.924
"717","HOW1043W",1930,2013,84,1.245,0.845,0.794,0.676,0.175,0.181,0.348,0.898
"718","HOW1044S",1887,2013,127,0.57,0.302,0.511,1.044,0.239,0.201,0.476,0.918
"719","HOW1044N",1887,2013,127,0.719,0.345,0.634,0.741,0.207,0.191,0.478,0.932
"720","HOW1045E",1903,2013,111,0.793,0.754,0.384,0.573,0.233,0.202,0.269,0.834
"721","HOW1045W",1903,2013,111,0.646,0.613,0.341,0.413,0.231,0.2,0.298,0.858
"722","HOW1046W",1874,2011,138,0.586,0.584,0.341,0.587,0.294,0.217,0.324,0.865
"723","HOW1046E",1874,2009,136,0.651,0.535,0.57,2.179,0.323,0.265,0.431,0.859
"724","HOW1047W",1934,2013,80,0.79,0.719,0.258,0.607,0.153,0.151,0.182,0.798
"725","HOW1047E",1934,2013,80,0.87,0.852,0.284,0.067,0.171,0.161,0.186,0.78
"726","HOW1048N",1933,2013,81,1.192,1.185,0.366,0.086,0.176,0.165,0.176,0.768
"727","HOW1048S",1933,2013,81,1.027,1.015,0.332,0.207,0.162,0.159,0.183,0.775
"728","HOW1049W",1875,2013,139,1.035,0.993,0.677,0.634,0.22,0.186,0.363,0.905
"729","HOW1049E",1862,2013,152,1.217,1.316,0.679,-0.225,0.21,0.163,0.317,0.906
"730","HOW1054W",1883,2013,131,0.804,0.69,0.509,1.054,0.194,0.156,0.341,0.946
"731","HOW1054E",1884,2013,130,0.701,0.621,0.366,0.489,0.207,0.182,0.294,0.891
"732","HOW1055S",1867,2013,147,0.775,0.648,0.474,1.063,0.231,0.194,0.328,0.906
"733","HOW1055N",1866,2013,148,0.688,0.559,0.448,1.117,0.229,0.179,0.348,0.918
"734","HOW1061E",1911,2013,103,0.852,0.693,0.673,2.95,0.231,0.255,0.347,0.816
"735","HOW1061W",1911,2013,103,0.656,0.589,0.332,1.334,0.232,0.236,0.266,0.79
"736","HOW1064E",1942,2013,72,1.172,1.029,0.584,1.192,0.188,0.185,0.263,0.861
"737","HOW1064W",1943,2013,71,1.51,1.432,0.703,0.272,0.172,0.159,0.264,0.871
"738","HOW1066N",1871,2013,143,0.805,0.71,0.544,1.619,0.237,0.203,0.345,0.889
"739","HOW1066S",1871,2013,143,0.877,0.771,0.536,1.654,0.236,0.226,0.315,0.851
"740","HOW1067E",1871,2013,143,0.383,0.293,0.325,0.744,0.286,0.195,0.465,0.934
"741","HOW1067W",1871,2013,143,0.397,0.337,0.312,0.643,0.266,0.204,0.439,0.912
"742","HOW1068N",1890,2013,124,0.563,0.48,0.442,0.762,0.267,0.19,0.435,0.928
"743","HOW1068S",1890,2013,124,0.524,0.533,0.362,0.337,0.452,0.255,0.393,0.843
"744","HOW1070E",1955,2013,59,1.501,1.395,0.598,0.115,0.186,0.167,0.226,0.859
"745","HOW1070W",1955,2013,59,1.196,1.077,0.56,0.461,0.187,0.17,0.263,0.884
"746","HOW1071E",1961,2013,53,1.578,1.537,0.56,0.858,0.187,0.187,0.192,0.724
"747","HOW1071W",1879,2013,135,0.784,0.676,0.48,1.284,0.234,0.219,0.323,0.887
"748","HOW1075W",1938,2013,76,0.783,0.798,0.456,-0.019,0.243,0.182,0.33,0.901
"749","HOW1075E",1938,2013,76,0.773,0.742,0.476,0.213,0.226,0.198,0.351,0.893
"750","HOW1079N",1938,2008,71,0.805,0.832,0.434,0.151,0.215,0.173,0.303,0.855
"751","HOW1079S",1938,2008,71,0.854,0.885,0.464,0.259,0.183,0.163,0.306,0.845
"752","HOW1080W",1892,1961,70,5.026,5.225,2.341,-0.382,0.288,0.228,0.263,0.706
"753","HOW1080E",1922,2008,87,0.53,0.595,0.241,-0.68,0.29,0.22,0.25,0.743
"754","HOW1081W",1901,2013,113,0.88,0.709,0.552,0.941,0.187,0.167,0.337,0.932
"755","HOW1081E",1901,2013,113,0.882,0.845,0.391,0.36,0.183,0.168,0.248,0.88
"756","HOW1083N",1934,2007,74,0.83,0.673,0.661,0.883,0.289,0.24,0.433,0.882
"757","HOW1083S",1934,2003,70,0.692,0.623,0.527,1.188,0.229,0.182,0.4,0.895
"758","HOW1084N",1932,2004,73,0.888,1.023,0.674,0.145,0.186,0.128,0.425,0.961
"759","HOW1084S",1932,2000,69,1.029,1.257,0.697,-0.194,0.191,0.139,0.38,0.944
"760","HOW1085W",1938,2009,72,0.738,0.622,0.617,0.721,0.323,0.229,0.461,0.863
"761","HOW1085E",1938,2011,74,0.638,0.563,0.51,0.619,0.259,0.186,0.442,0.886
"762","HOW1086E",1942,2013,72,1.004,0.96,0.47,0.084,0.182,0.156,0.266,0.892
"763","HOW1086W",1942,2013,72,1.005,0.99,0.525,0.273,0.172,0.15,0.296,0.895
"764","HOW1087E",1873,2013,141,0.867,0.634,0.603,0.812,0.223,0.192,0.381,0.928
"765","HOW1087W",1884,2013,130,0.763,0.526,0.609,1.033,0.213,0.202,0.427,0.917
"766","HOW1088E",1939,2002,64,0.573,0.556,0.356,0.858,0.304,0.222,0.338,0.845
"767","HOW1091S",1930,2006,77,0.801,0.728,0.67,0.424,0.226,0.161,0.469,0.93
"768","HOW1091N",1930,2000,71,0.713,0.702,0.524,0.453,0.301,0.169,0.409,0.906
"769","HOW1093E",1937,2013,77,1.023,0.928,0.408,0.703,0.171,0.169,0.221,0.833
"770","HOW1093W",1937,2013,77,1.427,1.454,0.497,0.603,0.201,0.198,0.192,0.72
"771","HOW1095E",1940,2012,73,1.098,1.133,0.721,1.171,0.221,0.153,0.346,0.802
"772","HOW1095W",1940,2013,74,1.072,1.113,0.763,1.118,0.178,0.168,0.38,0.809
"773","HOW1096S",1923,2013,91,0.75,0.779,0.28,0.191,0.179,0.174,0.212,0.801
"774","HOW1096N",1923,2013,91,0.801,0.829,0.263,-0.257,0.192,0.183,0.187,0.75
"775","HOW1097N",1933,2013,81,0.91,0.903,0.371,0.143,0.212,0.192,0.232,0.796
"776","HOW1097S",1933,2013,81,0.923,0.916,0.286,0.064,0.212,0.203,0.175,0.65
"777","HOW1100W",1900,2013,114,1.287,0.785,1.029,0.888,0.221,0.173,0.429,0.949
"778","HOW1100E",1900,2013,114,1.084,0.827,0.762,0.629,0.214,0.159,0.391,0.953
"779","HOW1107N",1934,2013,80,1.021,0.978,0.63,0.743,0.243,0.203,0.339,0.874
"780","HOW1107S",1933,2013,81,0.814,0.769,0.556,0.898,0.286,0.218,0.373,0.896
"781","HOW1110N",1940,2013,74,0.911,0.748,0.617,0.578,0.236,0.225,0.377,0.846
"782","HOW1110S",1942,2013,72,0.918,0.882,0.565,0.458,0.256,0.236,0.346,0.833
"783","HOW1111E",1941,2012,72,0.803,0.638,0.616,0.818,0.249,0.196,0.419,0.905
"784","HOW1111W",1941,2012,72,0.761,0.625,0.623,0.921,0.28,0.209,0.441,0.892
"785","HOW1114S",1937,2007,71,0.796,0.899,0.422,0.044,0.26,0.211,0.301,0.834
"786","HOW1114N",1936,2004,69,0.861,0.805,0.533,0.501,0.287,0.236,0.348,0.814
"787","HOW1118S",1936,2013,78,1.224,1.216,0.513,0.838,0.204,0.199,0.228,0.768
"788","HOW1118N",1936,2013,78,1.414,1.414,0.549,0.677,0.208,0.192,0.212,0.762
"789","HOW1119N",1936,2007,72,1.029,0.928,0.759,0.58,0.217,0.166,0.41,0.907
"790","HOW1119S",1936,2005,70,0.931,0.829,0.663,0.626,0.212,0.173,0.397,0.912
"791","HOW1120N",1843,2013,171,0.736,0.545,0.507,0.976,0.212,0.176,0.371,0.936
"792","HOW1120S",1843,2013,171,0.786,0.47,0.679,0.979,0.211,0.169,0.456,0.956
"793","HOW1122S",1909,2013,105,1.044,0.957,0.734,0.711,0.201,0.163,0.39,0.944
"794","HOW1122N",1909,2013,105,1.05,0.902,0.604,0.843,0.203,0.189,0.316,0.893
"795","HOW1123N",1924,2013,90,1.172,0.961,0.72,0.693,0.17,0.167,0.34,0.921
"796","HOW1123S",1924,2013,90,1.114,0.816,0.786,0.791,0.185,0.172,0.385,0.934
"797","HOW1125W",1925,2013,89,1.096,0.87,1.025,1.047,0.27,0.186,0.501,0.945
"798","HOW1125E",1925,2013,89,0.906,0.843,0.737,0.658,0.246,0.204,0.452,0.922
"799","HOW1126A",1934,2001,68,0.717,0.687,0.342,0.41,0.244,0.198,0.265,0.824
"800","HOW1126B",1879,2008,130,0.35,0.287,0.235,1.276,0.198,0.168,0.349,0.89
"801","HOW1127S",1929,2013,85,1.359,1.4,0.737,0.211,0.164,0.154,0.304,0.888
"802","HOW1127N",1929,2013,85,1.064,1.045,0.645,0.548,0.15,0.134,0.337,0.912
"803","HOW1129E",1929,2013,85,1.003,0.753,0.617,1.133,0.168,0.162,0.322,0.925
"804","HOW1129W",1930,2013,84,1.246,0.841,0.795,0.677,0.181,0.185,0.349,0.895
"805","HOW1130N",1937,2013,77,1.117,1.068,0.494,0.193,0.165,0.153,0.252,0.871
"806","HOW1130S",1937,2013,77,1.25,1.262,0.53,0.118,0.161,0.153,0.242,0.859
"807","HOW1131N",1930,2013,84,1.203,1.2,0.742,0.352,0.161,0.156,0.348,0.911
"808","HOW1131S",1930,2013,84,1.078,0.874,0.69,0.64,0.192,0.167,0.356,0.91
"809","HOW1134S",1931,2013,83,1.914,1.934,0.623,0.124,0.149,0.146,0.186,0.835
"810","HOW1134N",1931,2013,83,1.73,1.668,0.609,0.479,0.131,0.136,0.198,0.857
"811","HOW2009E",1889,2013,125,1.716,1.523,0.984,0.719,0.191,0.166,0.318,0.918
"812","HOW2009W",1909,2013,105,1.052,0.966,0.512,0.4,0.174,0.156,0.276,0.895
"813","HOW2010N",1935,2013,79,0.849,0.852,0.491,0.262,0.18,0.162,0.33,0.923
"814","HOW2010S",1935,2013,79,0.975,0.984,0.671,0.249,0.306,0.173,0.391,0.924
"815","HOW2012S",1895,2013,119,1.244,1.03,0.701,0.97,0.182,0.161,0.305,0.916
"816","HOW2012N",1895,2012,118,1.365,1.197,0.666,0.728,0.165,0.15,0.27,0.91
"817","HOW2016S",1904,2013,110,0.801,0.829,0.423,-0.101,0.176,0.15,0.301,0.907
"818","HOW2016N",1904,2013,110,1.05,1.071,0.563,-0.072,0.216,0.159,0.306,0.911
"819","HOW2017S",1904,2013,110,0.979,1.054,0.654,0.248,0.249,0.172,0.378,0.927
"820","HOW2017N",1904,2013,110,0.889,0.802,0.605,0.199,0.278,0.171,0.387,0.935
"821","HOW2019W",1930,2013,84,1.401,1.441,0.719,-0.035,0.253,0.21,0.293,0.861
"822","HOW2019E",1930,2013,84,1.443,1.443,0.665,-0.124,0.201,0.177,0.263,0.878
"823","HOW2020W",1962,2013,52,0.698,0.524,0.509,0.521,0.317,0.25,0.405,0.815
"824","HOW2020E",1917,2013,97,1.091,1.021,0.709,0.478,0.257,0.231,0.367,0.869
"825","HOW2022E",1855,2013,159,1.287,0.828,1.032,1.211,0.209,0.176,0.419,0.951
"826","HOW2022W",1855,2013,159,0.913,0.745,0.581,1.253,0.183,0.175,0.337,0.912
"827","HOW2024W",1879,2013,135,1.411,1.163,0.912,0.802,0.224,0.194,0.357,0.909
"828","HOW2024E",1858,2013,156,1.201,0.944,0.877,1.055,0.218,0.189,0.395,0.93
"829","HOW2029W",1890,2013,124,0.496,0.439,0.287,0.785,0.258,0.223,0.32,0.843
"830","HOW2029E",1890,2013,124,0.579,0.532,0.323,0.465,0.276,0.226,0.315,0.843
"831","HOW2034N",1902,2013,112,1.224,1.084,0.677,0.592,0.197,0.183,0.311,0.879
"832","HOW2034S",1902,2013,112,1.293,1.232,0.699,0.514,0.218,0.184,0.304,0.89
"833","HOW2035E",1944,2013,70,1.791,1.63,0.945,0.711,0.161,0.147,0.292,0.925
"834","HOW2036E",1901,2011,111,0.57,0.513,0.376,0.514,0.259,0.212,0.371,0.866
"835","HOW2047E",1927,2013,87,1.349,1.296,0.488,0.589,0.17,0.166,0.202,0.806
"836","HOW2047W",1925,2013,89,0.909,0.916,0.259,0.153,0.152,0.151,0.162,0.752
"837","HOW2049W",1957,2013,57,1.071,1.112,0.401,0.206,0.194,0.184,0.211,0.723
"838","HOW2049E",1943,2013,71,1.202,1.228,0.69,-0.138,0.222,0.154,0.322,0.879
"839","HOW2053W",1870,2013,144,0.896,0.84,0.419,0.179,0.207,0.186,0.266,0.851
"840","HOW2053E",1870,2013,144,0.922,0.832,0.478,0.649,0.183,0.169,0.289,0.903
"841","HOW2063W",1852,2013,162,0.419,0.236,0.366,0.922,0.359,0.2,0.468,0.943
"842","HOW2063E",1853,2013,161,0.518,0.412,0.359,0.603,0.322,0.235,0.389,0.844
"843","HOW2066N",1927,2013,87,1.481,1.411,0.465,0.649,0.158,0.155,0.174,0.804
"844","HOW2066S",1927,2012,86,1.377,1.429,0.412,-0.088,0.201,0.183,0.169,0.701
"845","HOW2068E",1900,2013,114,1.021,0.988,0.661,0.671,0.198,0.18,0.361,0.907
"846","HOW2069E",1967,2013,47,1.728,1.414,1.226,0.676,0.216,0.161,0.391,0.929
"847","HOW2069W",1976,2013,38,1.379,1.241,0.514,0.978,0.219,0.214,0.2,0.72
"848","HOW2070E",1954,2013,60,1.286,0.855,1.118,1.818,0.183,0.18,0.403,0.885
"849","HOW2070W",1959,2013,55,0.902,0.624,0.629,0.989,0.174,0.157,0.367,0.917
"850","HOW2073E",1856,2013,158,0.693,0.721,0.356,0.294,0.2,0.174,0.291,0.896
"851","HOW2073W",1868,2013,146,0.573,0.58,0.293,0.433,0.202,0.171,0.289,0.891
"852","HOW2076S",1852,2013,162,1.109,1.039,0.667,0.752,0.209,0.176,0.334,0.91
"853","HOW2076N",1872,2013,142,0.854,0.678,0.539,0.954,0.217,0.188,0.344,0.898
"854","HOW2080A",1878,1993,116,0.603,0.483,0.366,1.364,0.258,0.236,0.316,0.774
"855","HOW1080B",1878,2008,131,0.363,0.295,0.266,1.786,0.202,0.176,0.366,0.868
"856","HOW2082S",1933,2013,81,0.646,0.584,0.521,0.693,0.269,0.182,0.445,0.912
"857","HOW2082N",1963,2013,51,0.289,0.238,0.15,1.028,0.223,0.209,0.274,0.861
"858","HOW2086E",1872,2013,142,0.732,0.736,0.347,0.058,0.235,0.194,0.271,0.854
"859","HOW2086W",1872,2013,142,0.698,0.704,0.304,-0.017,0.265,0.224,0.245,0.745
"860","HOW2088E",1870,2013,144,1.542,1.145,1.052,1.136,0.192,0.176,0.364,0.932
"861","HOW2088W",1904,2013,110,1.43,1.246,0.722,0.46,0.205,0.18,0.284,0.882
"862","HOW2090S",1940,2013,74,1.816,1.988,0.799,-0.164,0.168,0.151,0.249,0.885
"863","HOW2090N",1831,2013,183,0.977,0.644,0.811,1.267,0.221,0.182,0.432,0.949
"864","HOW2093E",1878,2013,136,0.612,0.546,0.411,1.006,0.237,0.203,0.366,0.903
"865","HOW2093W",1861,2013,153,0.838,0.854,0.517,0.246,0.232,0.194,0.352,0.906
"866","HOW2094S",1869,2013,145,1.109,0.92,0.564,1.229,0.163,0.164,0.267,0.899
"867","HOW2094N",1868,2013,146,1.069,0.988,0.47,1.022,0.185,0.175,0.238,0.858
"868","HOW2098S",1931,2013,83,1.01,0.984,0.247,0.297,0.188,0.181,0.138,0.551
"869","HOW2098N",1932,2013,82,1.459,1.45,0.468,0.328,0.201,0.196,0.181,0.675
"870","HOW2102N",1859,2013,155,1.377,1.345,0.656,0.134,0.258,0.207,0.272,0.787
"871","HOW2102S",1859,2013,155,0.968,0.922,0.497,0.422,0.228,0.201,0.29,0.81
"872","HOW2103N",1926,2013,88,0.877,0.917,0.507,0.472,0.199,0.18,0.323,0.891
"873","HOW2103S",1926,2013,88,1.2,1.115,0.67,0.548,0.252,0.214,0.314,0.857
"874","HOW2104N",1904,2013,110,0.985,0.819,0.544,0.578,0.238,0.161,0.308,0.922
"875","HOW2104S",1904,2013,110,0.922,0.86,0.498,0.419,0.256,0.204,0.305,0.875
"876","HOW2105N",1861,2013,153,0.849,0.443,0.858,1.781,0.24,0.2,0.489,0.944
"877","HOW2105S",1860,2013,154,0.912,0.452,0.911,1.353,0.287,0.217,0.5,0.948
"878","HOW3002E",1868,2013,146,0.575,0.548,0.276,1.202,0.224,0.213,0.253,0.784
"879","HOW3002W",1868,2009,142,0.498,0.467,0.283,1.33,0.223,0.196,0.296,0.834
"880","HOW3015N",1957,2013,57,1.513,1.567,0.643,-0.142,0.211,0.158,0.238,0.872
"881","HOW3015S",1957,2013,57,1.48,1.464,0.615,-0.03,0.16,0.147,0.236,0.877
"882","HOW3016E",1881,2013,133,0.928,0.838,0.478,0.387,0.263,0.21,0.288,0.855
"883","HOW3016W",1881,2013,133,1.043,1.011,0.443,0.044,0.206,0.181,0.237,0.823
"884","HOW3018N",1911,2013,103,1.007,0.888,0.555,0.668,0.183,0.165,0.307,0.914
"885","HOW3018S",1911,2013,103,0.873,0.808,0.359,0.532,0.173,0.163,0.23,0.86
"886","HOW3028S",1880,2013,134,0.937,0.964,0.408,-0.069,0.197,0.18,0.248,0.858
"887","HOW3028N",1880,2013,134,0.64,0.547,0.317,0.416,0.201,0.176,0.28,0.876
"888","HOW3030S",1832,2013,182,0.752,0.638,0.424,1.177,0.226,0.22,0.302,0.843
"889","HOW3030N",1832,2013,182,0.747,0.689,0.396,0.968,0.208,0.187,0.288,0.878
"890","HOW3031E",1899,2013,115,1.185,0.974,0.914,1.83,0.282,0.258,0.388,0.867
"891","HOW3031W",1899,2013,115,0.952,0.859,0.597,1.643,0.223,0.212,0.317,0.865
"892","HOW3039E",1931,2013,83,1.634,1.629,0.622,0.279,0.157,0.155,0.217,0.845
"893","HOW3039W",1931,2013,83,1.208,1.115,0.378,0.83,0.167,0.16,0.169,0.798
"894","HOW3040N",1934,2013,80,1.527,1.505,0.81,-0.194,0.139,0.112,0.301,0.945
"895","HOW3040S",1934,2013,80,2.086,2.043,0.853,0.081,0.137,0.129,0.23,0.883
"896","HOW3041E",1937,2013,77,1.34,1.224,0.914,0.238,0.203,0.175,0.385,0.917
"897","HOW3041W",1939,2013,75,1.218,0.949,0.719,0.781,0.157,0.169,0.321,0.868
"898","HOW3050E",1866,2013,148,1.271,1.038,0.874,1.235,0.209,0.163,0.367,0.933
"899","HOW3050W",1930,2013,84,1.826,1.695,0.65,0.591,0.177,0.18,0.198,0.777
"900","HOW3056S",1886,2010,125,0.969,1.041,0.534,-0.204,0.226,0.188,0.312,0.887
"901","HOW3056N",1886,2013,128,0.848,0.828,0.466,0.263,0.239,0.185,0.313,0.878
"902","HOW3057S",1900,2013,114,0.723,0.668,0.423,0.422,0.227,0.189,0.33,0.858
"903","HOW3057N",1900,2013,114,0.793,0.702,0.431,0.54,0.22,0.184,0.305,0.889
"904","HOW3065E",1862,2013,152,1.109,0.752,1.031,1.2,0.223,0.182,0.487,0.946
"905","HOW3065W",1862,2013,152,0.859,0.56,0.716,1.149,0.194,0.182,0.44,0.938
"906","HOW3085E",1920,2012,93,0.455,0.319,0.362,1.239,0.289,0.217,0.41,0.927
"907","HOW3085W",1921,2013,93,0.542,0.468,0.344,1.177,0.256,0.207,0.334,0.904
"908","HOW3088W",1905,2013,109,1.289,1.2,0.529,0.02,0.187,0.156,0.227,0.884
"909","HOW3088E",1912,2013,102,1.446,1.332,0.7,0.291,0.205,0.185,0.272,0.883
"910","HOW2079N",1955,2013,59,1.106,1.065,0.483,0.424,0.242,0.237,0.246,0.664
"911","HOW2079S",1955,2013,59,1.443,1.287,0.623,1.237,0.212,0.212,0.223,0.71
"912","HOW3017W",1925,2012,88,0.365,0.316,0.247,0.958,0.281,0.253,0.367,0.84
"913","HOW3017E",1908,2013,106,0.542,0.485,0.374,1.448,0.28,0.273,0.362,0.829
"914","HOW1007N",1920,2013,94,0.734,0.609,0.344,1.628,0.194,0.195,0.233,0.769
"915","HOW1007S",1920,2013,94,0.688,0.531,0.445,1.944,0.232,0.219,0.311,0.759
"916","HOW1042N",1948,2013,66,0.453,0.47,0.137,0.157,0.231,0.215,0.17,0.548
"917","HOW1042S",1948,2013,66,0.519,0.524,0.165,0.127,0.294,0.272,0.178,0.402
"918","HOW1090W",1925,2013,89,0.641,0.614,0.265,0.252,0.244,0.224,0.235,0.735
"919","HOW1090E",1925,2013,89,0.748,0.695,0.38,0.782,0.26,0.217,0.279,0.832
"920","HOW1105N",1944,2013,70,0.579,0.481,0.305,0.855,0.248,0.238,0.287,0.819
"921","HOW1105W",1933,2013,81,0.51,0.472,0.213,0.468,0.242,0.225,0.236,0.717
"922","HOW1116W",1927,2013,87,0.629,0.606,0.257,0.228,0.245,0.226,0.232,0.744
"923","HOW1116E",1927,2013,87,0.741,0.691,0.381,0.832,0.261,0.218,0.281,0.839
"924","HOW1117E",1927,2013,87,0.74,0.753,0.263,0.004,0.278,0.228,0.195,0.632
"925","HOW1117W",1928,2013,86,0.381,0.398,0.137,0.253,0.304,0.293,0.203,0.377
"926","HOW2018W",1920,2013,94,1.007,0.972,0.294,0.749,0.195,0.189,0.16,0.675
"927","HOW2018E",1965,2013,49,0.928,0.887,0.287,0.215,0.24,0.238,0.174,0.552
"928","HOW2025E",1912,2013,102,0.769,0.736,0.331,0.859,0.257,0.231,0.233,0.718
"929","HOW2025W",1918,2013,96,0.707,0.671,0.278,0.535,0.224,0.201,0.219,0.773
"930","HOW2032E",1932,2013,82,0.611,0.562,0.382,1.322,0.273,0.227,0.324,0.844
"931","HOW2039N",1887,2013,127,0.329,0.288,0.216,1.456,0.408,0.304,0.34,0.725
"932","HOW2043S",1849,2013,165,0.681,0.612,0.301,0.945,0.193,0.181,0.24,0.837
"933","HOW2043N",1849,2013,165,0.783,0.69,0.411,1.085,0.19,0.189,0.283,0.866
"934","HOW2048E",1922,2013,92,0.584,0.53,0.252,0.686,0.238,0.233,0.239,0.721
"935","HOW2048W",1931,2013,83,0.762,0.704,0.378,0.994,0.204,0.19,0.27,0.866
"936","HOW2061N",1814,2013,200,0.655,0.576,0.334,1.163,0.224,0.206,0.271,0.847
"937","HOW2061S",1812,2013,202,0.783,0.686,0.475,1.21,0.253,0.226,0.322,0.87
"938","HOW2075E",1842,2013,172,0.978,0.885,0.489,0.836,0.19,0.191,0.275,0.847
"939","HOW2083E",1922,2013,92,0.631,0.411,0.559,0.672,0.278,0.246,0.485,0.902
"940","HOW3023E",1902,2013,112,0.441,0.409,0.199,1.228,0.203,0.192,0.24,0.845
"941","HOW3023W",1895,2013,119,0.61,0.597,0.314,0.64,0.209,0.191,0.285,0.864
"942","HOW3024N",1862,2013,152,1.036,0.896,0.656,1.726,0.206,0.206,0.325,0.875
"943","HOW3024S",1924,2013,90,0.638,0.548,0.383,3.233,0.299,0.269,0.261,0.665
"944","HOW3032N",1924,2013,90,0.848,0.802,0.571,0.682,0.316,0.257,0.374,0.843
"945","HOW3032W",1931,2012,82,1.204,1.292,0.529,-0.371,0.257,0.206,0.245,0.789
"946","HOW3033W",1826,2013,188,0.88,0.796,0.455,1.732,0.239,0.223,0.265,0.818
"947","HOW3033E",1834,2013,180,0.742,0.725,0.357,0.478,0.254,0.229,0.271,0.798
"948","HOW3051W",1921,2013,93,0.643,0.526,0.454,1.407,0.234,0.232,0.37,0.839
"949","HOW3051E",1922,2011,90,0.683,0.546,0.523,1.074,0.239,0.205,0.411,0.899
"950","HOW3054E",1862,2013,152,0.886,0.696,0.716,3.077,0.22,0.216,0.338,0.901
"951","HOW3054W",1863,2013,151,0.881,0.658,0.645,2.161,0.199,0.197,0.349,0.914
"952","HOW3062N",1916,2011,96,1.102,1.064,0.621,1.525,0.234,0.205,0.285,0.858
"953","HOW3062S",1915,2011,97,1.145,1.138,0.449,-0.08,0.174,0.15,0.218,0.847
"954","HOW3063S",1919,2013,95,1.118,0.769,2.029,8.489,0.279,0.555,0.425,0.028
"955","HOW3063N",1919,2013,95,1.187,0.981,0.611,0.6,0.232,0.219,0.288,0.83
"956","HOW3073E",1847,2013,167,0.395,0.381,0.194,0.384,0.43,0.347,0.275,0.503
"957","HOW3073W",1888,2013,126,0.565,0.504,0.335,2.302,0.287,0.271,0.295,0.772
"958","HOW3082E",1920,2013,94,1.08,0.846,0.875,1.953,0.263,0.233,0.396,0.898
"959","HOW3082W",1915,2013,99,1.043,0.585,1.134,2.167,0.278,0.262,0.492,0.911
"960","HOW1115N",1946,2013,68,0.781,0.534,0.689,1.124,0.205,0.145,0.466,0.91
"961","HOW1115S",1946,1991,46,1.102,0.904,0.675,1.154,0.179,0.169,0.322,0.853
