"PlotID","Site","Year","Release.Minor","Release.Major","n.Minor","n.Major","n.Plot","p.Minor","p.Major"
"VLF0","VLF",1843,0,0,0,0,0,0,0
"VLF1","VLF",1843,0,0,0,0,0,0,0
"VUF0","VUF",1843,0,0,0,0,0,0,0
"VUF1","VUF",1843,0,0,0,0,0,0,0
"VLF0","VLF",1844,0,0,0,0,0,0,0
"VLF1","VLF",1844,0,0,0,0,0,0,0
"VUF0","VUF",1844,0,0,0,0,0,0,0
"VUF1","VUF",1844,0,0,0,0,0,0,0
"VLF0","VLF",1845,0,0,0,0,0,0,0
"VLF1","VLF",1845,0,0,0,0,0,0,0
"VUF0","VUF",1845,0,0,0,0,0,0,0
"VUF1","VUF",1845,0,0,0,0,0,0,0
"VLF0","VLF",1846,0,0,0,0,0,0,0
"VLF1","VLF",1846,0,0,0,0,0,0,0
"VUF0","VUF",1846,0,0,0,0,0,0,0
"VUF1","VUF",1846,0,0,0,0,0,0,0
"VLF0","VLF",1847,0,0,0,0,0,0,0
"VLF1","VLF",1847,0,0,0,0,0,0,0
"VUF0","VUF",1847,0,0,0,0,0,0,0
"VUF1","VUF",1847,0,0,0,0,0,0,0
"VLF0","VLF",1848,0,0,0,0,0,0,0
"VLF1","VLF",1848,0,0,0,0,0,0,0
"VUF0","VUF",1848,0,0,0,0,0,0,0
"VUF1","VUF",1848,0,0,0,0,0,0,0
"VLF0","VLF",1849,0,0,0,0,0,0,0
"VLF1","VLF",1849,0,0,0,0,0,0,0
"VUF0","VUF",1849,0,0,0,0,0,0,0
"VUF1","VUF",1849,0,0,0,0,0,0,0
"VLF0","VLF",1850,0,0,0,0,0,0,0
"VLF1","VLF",1850,0,0,0,0,0,0,0
"VUF0","VUF",1850,0,0,0,0,0,0,0
"VUF1","VUF",1850,0,0,0,0,0,0,0
"VLF0","VLF",1851,0,0,0,0,0,0,0
"VLF1","VLF",1851,0,0,0,0,0,0,0
"VUF0","VUF",1851,0,0,0,0,0,0,0
"VUF1","VUF",1851,0,0,0,0,0,0,0
"VLF0","VLF",1852,0,0,0,0,0,0,0
"VLF1","VLF",1852,0,0,0,0,0,0,0
"VUF0","VUF",1852,0,0,0,0,0,0,0
"VUF1","VUF",1852,0,0,0,0,0,0,0
"VLF0","VLF",1853,0,0,0,0,0,0,0
"VLF1","VLF",1853,0,0,0,0,0,0,0
"VUF0","VUF",1853,0,0,0,0,0,0,0
"VUF1","VUF",1853,0,0,0,0,0,0,0
"VLF0","VLF",1854,0,0,0,0,0,0,0
"VLF1","VLF",1854,0,0,0,0,0,0,0
"VUF0","VUF",1854,0,0,0,0,0,0,0
"VUF1","VUF",1854,0,0,0,0,0,0,0
"VLF0","VLF",1855,0,0,0,0,0,0,0
"VLF1","VLF",1855,0,0,0,0,0,0,0
"VUF0","VUF",1855,0,0,0,0,0,0,0
"VUF1","VUF",1855,0,0,0,0,0,0,0
"VLF0","VLF",1856,0,0,0,0,0,0,0
"VLF1","VLF",1856,0,0,0,0,0,0,0
"VUF0","VUF",1856,0,0,0,0,0,0,0
"VUF1","VUF",1856,0,0,0,0,0,0,0
"VLF0","VLF",1857,0,0,0,0,0,0,0
"VLF1","VLF",1857,0,0,0,0,0,0,0
"VUF0","VUF",1857,0,0,0,0,0,0,0
"VUF1","VUF",1857,0,0,0,0,0,0,0
"VLF0","VLF",1858,0,0,0,0,0,0,0
"VLF1","VLF",1858,0,0,0,0,0,0,0
"VUF0","VUF",1858,0,0,0,0,0,0,0
"VUF1","VUF",1858,0,0,0,0,0,0,0
"VLF0","VLF",1859,0,0,0,0,0,0,0
"VLF1","VLF",1859,0,0,0,0,0,0,0
"VUF0","VUF",1859,0,0,0,0,0,0,0
"VUF1","VUF",1859,0,0,0,0,0,0,0
"VLF0","VLF",1860,0,0,0,0,0,0,0
"VLF1","VLF",1860,0,0,0,0,0,0,0
"VUF0","VUF",1860,0,0,0,0,0,0,0
"VUF1","VUF",1860,0,0,0,0,0,0,0
"VLF0","VLF",1861,0,0,0,0,0,0,0
"VLF1","VLF",1861,0,0,0,0,0,0,0
"VUF0","VUF",1861,0,0,0,0,0,0,0
"VUF1","VUF",1861,0,0,0,0,0,0,0
"VLF0","VLF",1862,0,0,0,0,0,0,0
"VLF1","VLF",1862,0,0,0,0,0,0,0
"VUF0","VUF",1862,0,0,0,0,0,0,0
"VUF1","VUF",1862,0,0,0,0,0,0,0
"VLF0","VLF",1863,0,0,0,0,0,0,0
"VLF1","VLF",1863,0,0,0,0,0,0,0
"VUF0","VUF",1863,0,0,0,0,0,0,0
"VUF1","VUF",1863,0,0,0,0,0,0,0
"VLF0","VLF",1864,0,0,0,0,0,0,0
"VLF1","VLF",1864,0,0,0,0,0,0,0
"VUF0","VUF",1864,0,0,0,0,0,0,0
"VUF1","VUF",1864,0,0,0,0,0,0,0
"VLF0","VLF",1865,0,0,0,0,0,0,0
"VLF1","VLF",1865,0,0,0,0,0,0,0
"VUF0","VUF",1865,0,0,0,0,0,0,0
"VUF1","VUF",1865,0,0,0,0,0,0,0
"VLF0","VLF",1866,0,0,0,0,0,0,0
"VLF1","VLF",1866,0,0,0,0,0,0,0
"VUF0","VUF",1866,0,0,0,0,0,0,0
"VUF1","VUF",1866,0,0,0,0,0,0,0
"VLF0","VLF",1867,0,0,0,0,0,0,0
"VLF1","VLF",1867,0,0,0,0,0,0,0
"VUF0","VUF",1867,0,0,0,0,0,0,0
"VUF1","VUF",1867,0,0,0,0,0,0,0
"VLF0","VLF",1868,0,0,0,0,0,0,0
"VLF1","VLF",1868,0,0,0,0,0,0,0
"VUF0","VUF",1868,0,0,0,0,0,0,0
"VUF1","VUF",1868,0,0,0,0,0,0,0
"VLF0","VLF",1869,0,0,0,0,0,0,0
"VLF1","VLF",1869,0,0,0,0,0,0,0
"VUF0","VUF",1869,0,0,0,0,0,0,0
"VUF1","VUF",1869,0,0,0,0,0,0,0
"VLF0","VLF",1870,0,0,0,0,0,0,0
"VLF1","VLF",1870,0,0,0,0,0,0,0
"VUF0","VUF",1870,0,0,0,0,0,0,0
"VUF1","VUF",1870,0,0,0,0,0,0,0
"VLF0","VLF",1871,0,0,0,0,0,0,0
"VLF1","VLF",1871,0,0,0,0,0,0,0
"VUF0","VUF",1871,0,0,0,0,0,0,0
"VUF1","VUF",1871,0,0,0,0,0,0,0
"VLF0","VLF",1872,0,0,0,0,0,0,0
"VLF1","VLF",1872,0,0,0,0,0,0,0
"VUF0","VUF",1872,0,0,0,0,0,0,0
"VUF1","VUF",1872,0,0,0,0,0,0,0
"VLF0","VLF",1873,0,0,0,0,0,0,0
"VLF1","VLF",1873,0,0,0,0,0,0,0
"VUF0","VUF",1873,0,0,0,0,0,0,0
"VUF1","VUF",1873,0,0,0,0,0,0,0
"VLF0","VLF",1874,0,0,0,0,0,0,0
"VLF1","VLF",1874,0,0,0,0,0,0,0
"VUF0","VUF",1874,0,0,0,0,0,0,0
"VUF1","VUF",1874,0,0,0,0,0,0,0
"VLF0","VLF",1875,0,0,0,0,0,0,0
"VLF1","VLF",1875,0,0,0,0,0,0,0
"VUF0","VUF",1875,0,0,0,0,0,0,0
"VUF1","VUF",1875,0,0,0,0,0,0,0
"VLF0","VLF",1876,0,0,0,0,0,0,0
"VLF1","VLF",1876,0,0,0,0,0,0,0
"VUF0","VUF",1876,0,0,0,0,0,0,0
"VUF1","VUF",1876,0,0,0,0,0,0,0
"VLF0","VLF",1877,0,0,0,0,0,0,0
"VLF1","VLF",1877,0,0,0,0,0,0,0
"VUF0","VUF",1877,0,0,0,0,0,0,0
"VUF1","VUF",1877,0,0,0,0,0,0,0
"VLF0","VLF",1878,0,0,0,0,0,0,0
"VLF1","VLF",1878,0,0,0,0,0,0,0
"VUF0","VUF",1878,0,0,0,0,0,0,0
"VUF1","VUF",1878,0,0,0,0,0,0,0
"VLF0","VLF",1879,0,0,0,0,0,0,0
"VLF1","VLF",1879,0,0,0,0,0,0,0
"VUF0","VUF",1879,0,0,0,0,0,0,0
"VUF1","VUF",1879,0,0,0,0,0,0,0
"VLF0","VLF",1880,0,0,0,0,0,0,0
"VLF1","VLF",1880,0,0,0,0,0,0,0
"VUF0","VUF",1880,0,0,0,0,0,0,0
"VUF1","VUF",1880,0,0,0,0,0,0,0
"VLF0","VLF",1881,0,0,0,0,0,0,0
"VLF1","VLF",1881,0,0,0,0,0,0,0
"VUF0","VUF",1881,0,0,0,0,0,0,0
"VUF1","VUF",1881,0,0,0,0,0,0,0
"VLF0","VLF",1882,0,0,0,0,0,0,0
"VLF1","VLF",1882,0,0,0,0,0,0,0
"VUF0","VUF",1882,0,0,0,0,0,0,0
"VUF1","VUF",1882,0,0,0,0,0,0,0
"VLF0","VLF",1883,0,0,0,0,0,0,0
"VLF1","VLF",1883,0,0,0,0,0,0,0
"VUF0","VUF",1883,0,0,0,0,0,0,0
"VUF1","VUF",1883,0,0,0,0,0,0,0
"VLF0","VLF",1884,0,0,0,0,0,0,0
"VLF1","VLF",1884,0,0,0,0,0,0,0
"VUF0","VUF",1884,0,0,0,0,0,0,0
"VUF1","VUF",1884,0,0,0,0,0,0,0
"VLF0","VLF",1885,0,0,0,0,0,0,0
"VLF1","VLF",1885,0,0,0,0,0,0,0
"VUF0","VUF",1885,0,0,0,0,0,0,0
"VUF1","VUF",1885,0,0,0,0,0,0,0
"VLF0","VLF",1886,0,0,0,0,0,0,0
"VLF1","VLF",1886,0,0,0,0,0,0,0
"VUF0","VUF",1886,0,0,0,0,0,0,0
"VUF1","VUF",1886,0,0,0,0,0,0,0
"VLF0","VLF",1887,0,0,0,0,0,0,0
"VLF1","VLF",1887,0,0,0,0,0,0,0
"VUF0","VUF",1887,0,0,0,0,0,0,0
"VUF1","VUF",1887,0,0,0,0,0,0,0
"VLF0","VLF",1888,0,0,0,0,0,0,0
"VLF1","VLF",1888,0,0,0,0,0,0,0
"VUF0","VUF",1888,0,0,0,0,0,0,0
"VUF1","VUF",1888,0,0,0,0,0,0,0
"VLF0","VLF",1889,0,0,0,0,0,0,0
"VLF1","VLF",1889,0,0,0,0,0,0,0
"VUF0","VUF",1889,0,0,0,0,0,0,0
"VUF1","VUF",1889,0,0,0,0,0,0,0
"VLF0","VLF",1890,0,0,0,0,0,0,0
"VLF1","VLF",1890,0,0,0,0,0,0,0
"VUF0","VUF",1890,0,0,0,0,0,0,0
"VUF1","VUF",1890,0,0,0,0,0,0,0
"VLF0","VLF",1891,0,0,0,0,0,0,0
"VLF1","VLF",1891,0,0,0,0,0,0,0
"VUF0","VUF",1891,0,0,0,0,0,0,0
"VUF1","VUF",1891,0,0,0,0,0,0,0
"VLF0","VLF",1892,0,0,0,0,0,0,0
"VLF1","VLF",1892,0,0,0,0,0,0,0
"VUF0","VUF",1892,0,0,0,0,0,0,0
"VUF1","VUF",1892,0,0,0,0,0,0,0
"VLF0","VLF",1893,0,0,0,0,0,0,0
"VLF1","VLF",1893,0,0,0,0,0,0,0
"VUF0","VUF",1893,0,0,0,0,0,0,0
"VUF1","VUF",1893,0,0,0,0,0,0,0
"VLF0","VLF",1894,0,0,0,0,0,0,0
"VLF1","VLF",1894,0,0,0,0,0,0,0
"VUF0","VUF",1894,0,0,0,0,0,0,0
"VUF1","VUF",1894,0,0,0,0,0,0,0
"VLF0","VLF",1895,0,0,0,0,0,0,0
"VLF1","VLF",1895,0,0,0,0,0,0,0
"VUF0","VUF",1895,0,0,0,0,0,0,0
"VUF1","VUF",1895,0,0,0,0,0,0,0
"VLF0","VLF",1896,0,0,0,0,0,0,0
"VLF1","VLF",1896,0,0,0,0,0,0,0
"VUF0","VUF",1896,0,0,0,0,0,0,0
"VUF1","VUF",1896,0,0,0,0,0,0,0
"VLF0","VLF",1897,0,0,0,0,0,0,0
"VLF1","VLF",1897,0,0,0,0,0,0,0
"VUF0","VUF",1897,0,0,0,0,0,0,0
"VUF1","VUF",1897,0,0,0,0,0,0,0
"VLF0","VLF",1898,0,0,0,0,0,0,0
"VLF1","VLF",1898,0,0,0,0,0,0,0
"VUF0","VUF",1898,0,0,0,0,0,0,0
"VUF1","VUF",1898,0,0,0,0,0,0,0
"VLF0","VLF",1899,0,0,0,0,0,0,0
"VLF1","VLF",1899,0,0,0,0,0,0,0
"VUF0","VUF",1899,0,0,0,0,0,0,0
"VUF1","VUF",1899,0,0,0,0,0,0,0
"VLF0","VLF",1900,0,0,0,0,0,0,0
"VLF1","VLF",1900,0,0,0,0,0,0,0
"VUF0","VUF",1900,0,0,0,0,0,0,0
"VUF1","VUF",1900,0,0,0,0,0,0,0
"VLF0","VLF",1901,0,0,0,0,0,0,0
"VLF1","VLF",1901,0,0,0,0,0,0,0
"VUF0","VUF",1901,0,0,0,0,0,0,0
"VUF1","VUF",1901,0,0,0,0,0,0,0
"VLF0","VLF",1902,0,0,0,0,0,0,0
"VLF1","VLF",1902,0,0,0,0,0,0,0
"VUF0","VUF",1902,0,0,0,0,0,0,0
"VUF1","VUF",1902,0,0,0,0,0,0,0
"VLF0","VLF",1903,0,0,0,0,0,0,0
"VLF1","VLF",1903,0,0,0,0,0,0,0
"VUF0","VUF",1903,0,0,0,0,0,0,0
"VUF1","VUF",1903,0,0,0,0,0,0,0
"VLF0","VLF",1904,0,0,0,0,0,0,0
"VLF1","VLF",1904,0,0,0,0,0,0,0
"VUF0","VUF",1904,0,0,0,0,0,0,0
"VUF1","VUF",1904,0,0,0,0,0,0,0
"VLF0","VLF",1905,0,0,0,0,0,0,0
"VLF1","VLF",1905,0,0,0,0,0,0,0
"VUF0","VUF",1905,0,0,0,0,0,0,0
"VUF1","VUF",1905,0,0,0,0,0,0,0
"VLF0","VLF",1906,0,0,0,0,0,0,0
"VLF1","VLF",1906,0,0,0,0,0,0,0
"VUF0","VUF",1906,0,0,0,0,0,0,0
"VUF1","VUF",1906,0,0,0,0,0,0,0
"VLF0","VLF",1907,0,0,0,0,0,0,0
"VLF1","VLF",1907,0,0,0,0,0,0,0
"VUF0","VUF",1907,0,0,0,0,0,0,0
"VUF1","VUF",1907,0,0,0,0,0,0,0
"VLF0","VLF",1908,0,0,0,0,0,0,0
"VLF1","VLF",1908,0,0,0,0,0,0,0
"VUF0","VUF",1908,0,0,0,0,0,0,0
"VUF1","VUF",1908,0,0,0,0,0,0,0
"VLF0","VLF",1909,0,0,0,0,0,0,0
"VLF1","VLF",1909,0,0,0,0,0,0,0
"VUF0","VUF",1909,0,0,0,0,0,0,0
"VUF1","VUF",1909,0,0,0,0,0,0,0
"VLF0","VLF",1910,0,0,0,0,0,0,0
"VLF1","VLF",1910,0,0,0,0,0,0,0
"VUF0","VUF",1910,0,0,0,0,0,0,0
"VUF1","VUF",1910,0,0,0,0,0,0,0
"VLF0","VLF",1911,0,0,0,0,0,0,0
"VLF1","VLF",1911,0,0,0,0,0,0,0
"VUF0","VUF",1911,0,0,0,0,0,0,0
"VUF1","VUF",1911,0,0,0,0,0,0,0
"VLF0","VLF",1912,0,0,0,0,0,0,0
"VLF1","VLF",1912,0,0,0,0,0,0,0
"VUF0","VUF",1912,0,0,0,0,0,0,0
"VUF1","VUF",1912,0,0,0,0,0,0,0
"VLF0","VLF",1913,0,0,0,0,0,0,0
"VLF1","VLF",1913,0,0,0,0,0,0,0
"VUF0","VUF",1913,0,0,0,0,0,0,0
"VUF1","VUF",1913,0,0,0,0,0,0,0
"VLF0","VLF",1914,0,0,0,0,0,0,0
"VLF1","VLF",1914,0,0,0,0,0,0,0
"VUF0","VUF",1914,0,0,0,0,0,0,0
"VUF1","VUF",1914,0,0,0,0,0,0,0
"VLF0","VLF",1915,0,0,0,0,0,0,0
"VLF1","VLF",1915,0,0,0,0,0,0,0
"VUF0","VUF",1915,0,0,0,0,0,0,0
"VUF1","VUF",1915,0,0,0,0,0,0,0
"VLF0","VLF",1916,0,0,0,0,0,0,0
"VLF1","VLF",1916,0,0,0,0,0,0,0
"VUF0","VUF",1916,0,0,0,0,0,0,0
"VUF1","VUF",1916,0,0,0,0,0,0,0
"VLF0","VLF",1917,0,0,0,0,0,0,0
"VLF1","VLF",1917,0,0,0,0,0,0,0
"VUF0","VUF",1917,0,0,0,0,0,0,0
"VUF1","VUF",1917,0,0,0,0,0,0,0
"VLF0","VLF",1918,0,0,0,0,0,0,0
"VLF1","VLF",1918,0,0,0,0,0,0,0
"VUF0","VUF",1918,0,0,0,0,0,0,0
"VUF1","VUF",1918,0,0,0,0,1,0,0
"VLF0","VLF",1919,0,0,0,0,0,0,0
"VLF1","VLF",1919,0,0,0,0,0,0,0
"VUF0","VUF",1919,0,0,0,0,2,0,0
"VUF1","VUF",1919,0,0,0,0,2,0,0
"VLF0","VLF",1920,0,0,0,0,0,0,0
"VLF1","VLF",1920,0,0,0,0,0,0,0
"VUF0","VUF",1920,0,0,0,0,4,0,0
"VUF1","VUF",1920,0,0,0,0,4,0,0
"VLF0","VLF",1921,0,0,0,0,0,0,0
"VLF1","VLF",1921,0,0,0,0,0,0,0
"VUF0","VUF",1921,0,0,0,0,6,0,0
"VUF1","VUF",1921,0,0,0,0,6,0,0
"VLF0","VLF",1922,0,0,0,0,0,0,0
"VLF1","VLF",1922,0,0,0,0,0,0,0
"VUF0","VUF",1922,0,0,0,0,8,0,0
"VUF1","VUF",1922,0,0,0,0,8,0,0
"VLF0","VLF",1923,0,0,0,0,0,0,0
"VLF1","VLF",1923,0,0,0,0,0,0,0
"VUF0","VUF",1923,0,0,0,0,10,0,0
"VUF1","VUF",1923,0,0,0,0,10,0,0
"VLF0","VLF",1924,0,0,0,0,0,0,0
"VLF1","VLF",1924,0,0,0,0,1,0,0
"VUF0","VUF",1924,0,0,0,0,12,0,0
"VUF1","VUF",1924,0,0,0,0,12,0,0
"VLF0","VLF",1925,0,0,0,0,0,0,0
"VLF1","VLF",1925,0,0,0,0,2,0,0
"VUF0","VUF",1925,0,0,0,0,15,0,0
"VUF1","VUF",1925,0,0,0,0,14,0,0
"VLF0","VLF",1926,0,0,0,0,0,0,0
"VLF1","VLF",1926,0,0,0,0,3,0,0
"VUF0","VUF",1926,0,0,0,0,20,0,0
"VUF1","VUF",1926,0,0,0,0,16,0,0
"VLF0","VLF",1927,0,0,0,0,0,0,0
"VLF1","VLF",1927,0,0,0,0,4,0,0
"VUF0","VUF",1927,0,0,0,0,26,0,0
"VUF1","VUF",1927,0,0,0,0,19,0,0
"VLF0","VLF",1928,0,0,0,0,0,0,0
"VLF1","VLF",1928,0,0,0,0,5,0,0
"VUF0","VUF",1928,0,0,0,0,34,0,0
"VUF1","VUF",1928,0,0,0,0,25,0,0
"VLF0","VLF",1929,0,0,0,0,0,0,0
"VLF1","VLF",1929,0,0,0,0,7,0,0
"VUF0","VUF",1929,0,0,0,0,44,0,0
"VUF1","VUF",1929,0,0,0,0,34,0,0
"VLF0","VLF",1930,0,0,0,0,1,0,0
"VLF1","VLF",1930,0,0,0,0,13,0,0
"VUF0","VUF",1930,0,0,0,0,53,0,0
"VUF1","VUF",1930,0,0,0,0,44,0,0
"VLF0","VLF",1931,0,0,0,0,4,0,0
"VLF1","VLF",1931,0,0,0,0,20,0,0
"VUF0","VUF",1931,0,0,0,0,66,0,0
"VUF1","VUF",1931,0,0,0,0,57,0,0
"VLF0","VLF",1932,0,0,0,0,8,0,0
"VLF1","VLF",1932,0,0,0,0,28,0,0
"VUF0","VUF",1932,0,0,0,0,81,0,0
"VUF1","VUF",1932,0,0,0,0,76,0,0
"VLF0","VLF",1933,0,0,0,0,14,0,0
"VLF1","VLF",1933,0,0,0,0,39,0,0
"VUF0","VUF",1933,0,0,0,0,97,0,0
"VUF1","VUF",1933,0,0,0,0,98,0,0
"VLF0","VLF",1934,0,0,0,0,20,0,0
"VLF1","VLF",1934,0,0,0,0,50,0,0
"VUF0","VUF",1934,0,0,0,0,113,0,0
"VUF1","VUF",1934,0,0,0,0,120,0,0
"VLF0","VLF",1935,0,0,0,0,27,0,0
"VLF1","VLF",1935,0,0,0,0,60,0,0
"VUF0","VUF",1935,0,0,0,0,130,0,0
"VUF1","VUF",1935,0,0,0,0,143,0,0
"VLF0","VLF",1936,0,0,0,0,35,0,0
"VLF1","VLF",1936,0,0,0,0,73,0,0
"VUF0","VUF",1936,0,0,0,0,146,0,0
"VUF1","VUF",1936,0,0,0,0,167,0,0
"VLF0","VLF",1937,0,0,0,0,44,0,0
"VLF1","VLF",1937,0,0,0,0,86,0,0
"VUF0","VUF",1937,0,0,0,0,162,0,0
"VUF1","VUF",1937,0,0,0,0,192,0,0
"VLF0","VLF",1938,0,0,0,0,53,0,0
"VLF1","VLF",1938,0,0,0,0,100,0,0
"VUF0","VUF",1938,0,0,0,0,179,0,0
"VUF1","VUF",1938,0,0,0,0,217,0,0
"VLF0","VLF",1939,0,0,0,0,65,0,0
"VLF1","VLF",1939,0,0,0,0,114,0,0
"VUF0","VUF",1939,0,0,0,0,195,0,0
"VUF1","VUF",1939,0,0,0,0,241,0,0
"VLF0","VLF",1940,0,0,0,0,79,0,0
"VLF1","VLF",1940,0,0,0,0,128,0,0
"VUF0","VUF",1940,0,0,0,0,210,0,0
"VUF1","VUF",1940,0,0,0,0,262,0,0
"VLF0","VLF",1941,0,0,0,0,96,0,0
"VLF1","VLF",1941,0,0,0,0,142,0,0
"VUF0","VUF",1941,0,0,0,0,227,0,0
"VUF1","VUF",1941,0,0,0,0,283,0,0
"VLF0","VLF",1942,0,0,0,0,113,0,0
"VLF1","VLF",1942,0,0,0,0,158,0,0
"VUF0","VUF",1942,0,0,0,0,240,0,0
"VUF1","VUF",1942,0,0,0,0,300,0,0
"VLF0","VLF",1943,0,0,0,0,132,0,0
"VLF1","VLF",1943,0,0,0,0,175,0,0
"VUF0","VUF",1943,0,0,0,0,251,0,0
"VUF1","VUF",1943,0,0,0,0,311,0,0
"VLF0","VLF",1944,0,0,0,0,151,0,0
"VLF1","VLF",1944,0.152527353073233,0,1,0,192,0.00520833333333333,0
"VUF0","VUF",1944,0,0,0,0,262,0,0
"VUF1","VUF",1944,0,0,0,0,319,0,0
"VLF0","VLF",1945,0,0,0,0,174,0,0
"VLF1","VLF",1945,0.301293930411238,0,2,0,212,0.00943396226415094,0
"VUF0","VUF",1945,0,0,0,0,274,0,0
"VUF1","VUF",1945,0,0,0,0,328,0,0
"VLF0","VLF",1946,0,0,0,0,200,0,0
"VLF1","VLF",1946,0.447876790444411,0,4,0,233,0.0171673819742489,0
"VUF0","VUF",1946,0,0,0,0,287,0,0
"VUF1","VUF",1946,0,0,0,0,336,0,0
"VLF0","VLF",1947,0,0,0,0,225,0,0
"VLF1","VLF",1947,0.595187571818739,0,7,0,255,0.0274509803921569,0
"VUF0","VUF",1947,0,0,0,0,300,0,0
"VUF1","VUF",1947,0,0,0,0,343,0,0
"VLF0","VLF",1948,0,0,0,0,251,0,0
"VLF1","VLF",1948,0.733697945361898,0,9,0,278,0.0323741007194245,0
"VUF0","VUF",1948,0,0,0,0,311,0,0
"VUF1","VUF",1948,0,0,0,0,349,0,0
"VLF0","VLF",1949,0,0,0,0,278,0,0
"VLF1","VLF",1949,0.733697945361898,0,9,0,300,0.03,0
"VUF0","VUF",1949,0,0,0,0,320,0,0
"VUF1","VUF",1949,0,0,0,0,354,0,0
"VLF0","VLF",1950,0,0,0,0,302,0,0
"VLF1","VLF",1950,0.733697945361898,0,9,0,324,0.0277777777777778,0
"VUF0","VUF",1950,0,0,0,0,328,0,0
"VUF1","VUF",1950,0,0,0,0,357,0,0
"VLF0","VLF",1951,0,0,0,0,326,0,0
"VLF1","VLF",1951,0.733697945361898,0,9,0,348,0.0258620689655172,0
"VUF0","VUF",1951,0,0,0,0,336,0,0
"VUF1","VUF",1951,0,0,0,0,361,0,0
"VLF0","VLF",1952,0,0,0,0,346,0,0
"VLF1","VLF",1952,0.733697945361898,0,9,0,368,0.0244565217391304,0
"VUF0","VUF",1952,0,0,0,0,341,0,0
"VUF1","VUF",1952,0,0,0,0,365,0,0
"VLF0","VLF",1953,0,0,0,0,364,0,0
"VLF1","VLF",1953,0.733697945361898,0,9,0,385,0.0233766233766234,0
"VUF0","VUF",1953,0.146503911573395,0,2,0,347,0.00576368876080692,0
"VUF1","VUF",1953,0,0,0,0,369,0,0
"VLF0","VLF",1954,0,0,0,0,380,0,0
"VLF1","VLF",1954,0.733697945361898,0,9,0,401,0.0224438902743142,0
"VUF0","VUF",1954,0.312319759656855,0,4,0,353,0.0113314447592068,0
"VUF1","VUF",1954,0.140727272727273,0,1,0,373,0.00268096514745308,0
"VLF0","VLF",1955,0,0,0,0,395,0,0
"VLF1","VLF",1955,0.581170592288665,0,8,0,415,0.0192771084337349,0
"VUF0","VUF",1955,0.47004096390121,0.185785475833374,6,1,358,0.0167597765363128,0.00279329608938547
"VUF1","VUF",1955,0.286855889968355,0,4,0,378,0.0105820105820106,0
"VLF0","VLF",1956,0,0,0,0,406,0,0
"VLF1","VLF",1956,0.43240401495066,0,7,0,427,0.0163934426229508,0
"VUF0","VUF",1956,0.621200909394051,0.385307784510612,15,2,362,0.0414364640883978,0.00552486187845304
"VUF1","VUF",1956,0.442035039695241,0,10,0,382,0.0261780104712042,0
"VLF0","VLF",1957,0,0,0,0,413,0,0
"VLF1","VLF",1957,0.285821154917487,0,5,0,438,0.0114155251141553,0
"VUF0","VUF",1957,0.776976975278693,0.584298207683703,25,3,364,0.0686813186813187,0.00824175824175824
"VUF1","VUF",1957,0.590656350764936,0.190932298589485,15,2,386,0.038860103626943,0.00518134715025907
"VLF0","VLF",1958,0,0,0,0,421,0,0
"VLF1","VLF",1958,0.138510373543159,0,2,0,446,0.00448430493273543,0
"VUF0","VUF",1958,0.933126693011802,0.768885790225928,35,7,366,0.0956284153005464,0.0191256830601093
"VUF1","VUF",1958,0.745224397797738,0.406651672177385,24,4,390,0.0615384615384615,0.0102564102564103
"VLF0","VLF",1959,0,0,0,0,427,0,0
"VLF1","VLF",1959,0,0,0,0,454,0,0
"VUF0","VUF",1959,1.09320405778775,0.970040941429989,48,11,368,0.130434782608696,0.0298913043478261
"VUF1","VUF",1959,0.896829754621049,0.615352900188897,37,9,394,0.0939086294416244,0.0228426395939086
"VLF0","VLF",1960,0,0,0,0,432,0,0
"VLF1","VLF",1960,0,0,0,0,462,0,0
"VUF0","VUF",1960,1.25297703051681,1.17192205676368,60,15,371,0.161725067385445,0.0404312668463612
"VUF1","VUF",1960,1.04939535449211,0.818021784637122,50,16,398,0.125628140703518,0.0402010050251256
"VLF0","VLF",1961,0,0,0,0,437,0,0
"VLF1","VLF",1961,0,0,0,0,468,0,0
"VUF0","VUF",1961,1.40736988196856,1.36956816593644,74,18,374,0.197860962566845,0.0481283422459893
"VUF1","VUF",1961,1.2056792783029,1.02988206967836,65,22,402,0.161691542288557,0.054726368159204
"VLF0","VLF",1962,0,0,0,0,440,0,0
"VLF1","VLF",1962,0,0,0,0,473,0,0
"VUF0","VUF",1962,1.56080058078461,1.56009367123457,87,20,376,0.231382978723404,0.0531914893617021
"VUF1","VUF",1962,1.36058228984209,1.23542731954467,79,31,405,0.195061728395062,0.0765432098765432
"VLF0","VLF",1963,0,0,0,0,443,0,0
"VLF1","VLF",1963,0,0,0,0,478,0,0
"VUF0","VUF",1963,1.71306550918668,1.56009367123457,100,20,378,0.264550264550265,0.0529100529100529
"VUF1","VUF",1963,1.5165307861532,1.44411930503895,94,39,407,0.230958230958231,0.0958230958230958
"VLF0","VLF",1964,0,0,0,0,446,0,0
"VLF1","VLF",1964,0,0,0,0,483,0,0
"VUF0","VUF",1964,1.71449870532943,1.56009367123457,105,20,379,0.277044854881267,0.0527704485488127
"VUF1","VUF",1964,1.67317525264697,1.65712626955749,106,45,409,0.259168704156479,0.110024449877751
"VLF0","VLF",1965,0,0,0,0,448,0,0
"VLF1","VLF",1965,0,0,0,0,487,0,0
"VUF0","VUF",1965,1.70050477490651,1.56009367123457,105,20,380,0.276315789473684,0.0526315789473684
"VUF1","VUF",1965,1.68912153387284,1.87839286912491,115,52,411,0.279805352798054,0.126520681265207
"VLF0","VLF",1966,0,0,0,0,449,0,0
"VLF1","VLF",1966,0,0,0,0,490,0,0
"VUF0","VUF",1966,1.71257829206978,1.3743081954012,104,19,381,0.272965879265092,0.0498687664041995
"VUF1","VUF",1966,1.70366873329825,2.09246122246443,120,59,412,0.29126213592233,0.143203883495146
"VLF0","VLF",1967,0,0,0,0,450,0,0
"VLF1","VLF",1967,0,0,0,0,492,0,0
"VUF0","VUF",1967,1.73652165236206,1.17478588672396,96,18,382,0.25130890052356,0.0471204188481675
"VUF1","VUF",1967,1.70687635334001,2.32037873071977,124,64,413,0.300242130750605,0.154963680387409
"VLF0","VLF",1968,0,0,0,0,451,0,0
"VLF1","VLF",1968,0,0,0,0,494,0,0
"VUF0","VUF",1968,1.74924024970892,0.975795463550869,87,17,383,0.227154046997389,0.0443864229765013
"VUF1","VUF",1968,1.71415629633052,2.39109040269753,130,66,415,0.313253012048193,0.159036144578313
"VLF0","VLF",1969,0.136807817589576,0,1,0,451,0.00221729490022173,0
"VLF1","VLF",1969,0,0,0,0,495,0,0
"VUF0","VUF",1969,1.74289302919192,0.791207881008644,79,13,384,0.205729166666667,0.0338541666666667
"VUF1","VUF",1969,1.71810742255836,2.44197675696443,130,69,418,0.311004784688995,0.165071770334928
"VLF0","VLF",1970,0.287787396733352,0,2,0,451,0.00443458980044346,0
"VLF1","VLF",1970,0,0,0,0,495,0,0
"VUF0","VUF",1970,1.72314914686036,0.590052729804583,68,9,385,0.176623376623377,0.0233766233766234
"VUF1","VUF",1970,1.7247752132826,2.58527039672448,130,66,421,0.308788598574822,0.156769596199525
"VLF0","VLF",1971,0.438105776801024,0,5,0,451,0.0110864745011086,0
"VLF1","VLF",1971,0,0,0,0,495,0,0
"VUF0","VUF",1971,1.5633761741313,0.388171614470894,56,5,385,0.145454545454545,0.012987012987013
"VUF1","VUF",1971,1.72542128209475,2.65686624999343,127,62,424,0.299528301886792,0.14622641509434
"VLF0","VLF",1972,0.59947473118134,0,9,0,451,0.0199556541019956,0
"VLF1","VLF",1972,0.1475880807091,0,1,0,495,0.00202020202020202,0
"VUF0","VUF",1972,1.40898332267955,0.190525505298132,42,2,385,0.109090909090909,0.00519480519480519
"VUF1","VUF",1972,1.71992129665939,2.70391201606851,118,59,427,0.276346604215457,0.138173302107728
"VLF0","VLF",1973,0.75852395970974,0,12,0,451,0.0266075388026608,0
"VLF1","VLF",1973,0.289718023257258,0,2,0,495,0.00404040404040404,0
"VUF0","VUF",1973,1.2555526238635,0,29,0,385,0.0753246753246753,0
"VUF1","VUF",1973,1.73061353276676,2.76719703772708,106,52,429,0.247086247086247,0.121212121212121
"VLF0","VLF",1974,0.906923491212719,0,14,0,451,0.0310421286031042,0
"VLF1","VLF",1974,0.289718023257258,0,2,0,495,0.00404040404040404,0
"VUF0","VUF",1974,1.10328769546143,0,16,0,385,0.0415584415584416,0
"VUF1","VUF",1974,1.72996257762416,2.80004722109035,93,46,431,0.215777262180974,0.106728538283063
"VLF0","VLF",1975,1.05015556626298,0,15,0,451,0.0332594235033259,0
"VLF1","VLF",1975,0.289718023257258,0,2,0,495,0.00404040404040404,0
"VUF0","VUF",1975,0.95535058774529,0,9,0,385,0.0233766233766234,0
"VUF1","VUF",1975,1.73457032613334,2.79671042867515,82,42,434,0.188940092165899,0.0967741935483871
"VLF0","VLF",1976,1.18783513639128,0,16,0,451,0.0354767184035477,0
"VLF1","VLF",1976,0.289718023257258,0,2,0,495,0.00404040404040404,0
"VUF0","VUF",1976,0.803528670084749,0,7,0,385,0.0181818181818182,0
"VUF1","VUF",1976,1.7374452857513,2.77569357935748,74,36,437,0.169336384439359,0.0823798627002288
"VLF0","VLF",1977,1.18783513639128,0,16,0,451,0.0354767184035477,0
"VLF1","VLF",1977,0.289718023257258,0,2,0,495,0.00404040404040404,0
"VUF0","VUF",1977,0.633733948677124,0,6,0,385,0.0155844155844156,0
"VUF1","VUF",1977,1.73675117170423,2.75045443185163,67,30,440,0.152272727272727,0.0681818181818182
"VLF0","VLF",1978,1.18783513639128,0,16,0,451,0.0354767184035477,0
"VLF1","VLF",1978,0.289718023257258,0,2,0,495,0.00404040404040404,0
"VUF0","VUF",1978,0.458630642892,0,5,0,385,0.012987012987013,0
"VUF1","VUF",1978,1.74425576518176,2.52253692359629,59,25,443,0.133182844243792,0.0564334085778781
"VLF0","VLF",1979,1.18783513639128,0,16,0,451,0.0354767184035477,0
"VLF1","VLF",1979,0.289718023257258,0,2,0,495,0.00404040404040404,0
"VUF0","VUF",1979,0.290135979660495,0,4,0,385,0.0103896103896104,0
"VUF1","VUF",1979,1.74565591456262,2.26089295302905,50,21,445,0.112359550561798,0.0471910112359551
"VLF0","VLF",1980,1.20696681160906,0,16,0,451,0.0354767184035477,0
"VLF1","VLF",1980,0.289718023257258,0,2,0,495,0.00404040404040404,0
"VUF0","VUF",1980,0.140333482444393,0,2,0,385,0.00519480519480519,0
"VUF1","VUF",1980,1.74098289514814,1.99428722517425,42,16,447,0.0939597315436242,0.0357941834451902
"VLF0","VLF",1981,1.1968701247891,0,16,0,451,0.0354767184035477,0
"VLF1","VLF",1981,0.289718023257258,0,2,0,495,0.00404040404040404,0
"VUF0","VUF",1981,0,0,0,0,385,0,0
"VUF1","VUF",1981,1.58270974760059,1.64229235740268,29,14,449,0.0645879732739421,0.0311804008908686
"VLF0","VLF",1982,1.04655174472143,0,13,0,451,0.0288248337028825,0
"VLF1","VLF",1982,0.289718023257258,0,2,0,495,0.00404040404040404,0
"VUF0","VUF",1982,0,0,0,0,385,0,0
"VUF1","VUF",1982,1.42949807891737,1.36802761968551,19,11,451,0.0421286031042129,0.024390243902439
"VLF0","VLF",1983,0.88518279034111,0,9,0,451,0.0199556541019956,0
"VLF1","VLF",1983,0.142129942548158,0,1,0,495,0.00202020202020202,0
"VUF0","VUF",1983,0,0,0,0,385,0,0
"VUF1","VUF",1983,1.27871414054193,1.10912156856919,13,8,453,0.0286975717439294,0.0176600441501104
"VLF0","VLF",1984,0.726133561812711,0,6,0,451,0.0133037694013304,0
"VLF1","VLF",1984,0,0,0,0,495,0,0
"VUF0","VUF",1984,0,0,0,0,385,0,0
"VUF1","VUF",1984,1.11311889289538,0.840291297044309,11,6,455,0.0241758241758242,0.0131868131868132
"VLF0","VLF",1985,0.577734030309731,0,4,0,451,0.00886917960088692,0
"VLF1","VLF",1985,0,0,0,0,495,0,0
"VUF0","VUF",1985,0,0,0,0,385,0,0
"VUF1","VUF",1985,1.10400120666497,0.598749128186755,10,4,457,0.0218818380743982,0.0087527352297593
"VLF0","VLF",1986,0.434501955259474,0,3,0,451,0.00665188470066519,0
"VLF1","VLF",1986,0,0,0,0,495,0,0
"VUF0","VUF",1986,0,0,0,0,385,0,0
"VUF1","VUF",1986,1.08456391897814,0.389078956083422,10,2,458,0.0218340611353712,0.00436681222707424
"VLF0","VLF",1987,0.29682238513117,0,2,0,451,0.00443458980044346,0
"VLF1","VLF",1987,0,0,0,0,495,0,0
"VUF0","VUF",1987,0,0,0,0,385,0,0
"VUF1","VUF",1987,1.06394460619485,0.188829205833672,9,1,459,0.0196078431372549,0.00217864923747277
"VLF0","VLF",1988,0.29682238513117,0,2,0,451,0.00443458980044346,0
"VLF1","VLF",1988,0,0,0,0,495,0,0
"VUF0","VUF",1988,0,0,0,0,385,0,0
"VUF1","VUF",1988,0.903962903575437,0,8,0,460,0.0173913043478261,0
"VLF0","VLF",1989,0.29682238513117,0,2,0,451,0.00443458980044346,0
"VLF1","VLF",1989,0,0,0,0,495,0,0
"VUF0","VUF",1989,0,0,0,0,385,0,0
"VUF1","VUF",1989,0.738071540329252,0,6,0,461,0.0130151843817787,0
"VLF0","VLF",1990,0.29682238513117,0,2,0,451,0.00443458980044346,0
"VLF1","VLF",1990,0,0,0,0,495,0,0
"VUF0","VUF",1990,0,0,0,0,385,0,0
"VUF1","VUF",1990,0.580770136888188,0,4,0,462,0.00865800865800866,0
"VLF0","VLF",1991,0.140882892323815,0,1,0,451,0.00221729490022173,0
"VLF1","VLF",1991,0,0,0,0,495,0,0
"VUF0","VUF",1991,0,0,0,0,385,0,0
"VUF1","VUF",1991,0.426923983042035,0,3,0,462,0.00649350649350649,0
"VLF0","VLF",1992,0,0,0,0,451,0,0
"VLF1","VLF",1992,0,0,0,0,495,0,0
"VUF0","VUF",1992,0,0,0,0,385,0,0
"VUF1","VUF",1992,0.426923983042035,0,3,0,462,0.00649350649350649,0
"VLF0","VLF",1993,0,0,0,0,451,0,0
"VLF1","VLF",1993,0,0,0,0,494,0,0
"VUF0","VUF",1993,0,0,0,0,385,0,0
"VUF1","VUF",1993,0.426923983042035,0,3,0,462,0.00649350649350649,0
"VLF0","VLF",1994,0,0,0,0,451,0,0
"VLF1","VLF",1994,0,0,0,0,493,0,0
"VUF0","VUF",1994,0,0,0,0,385,0,0
"VUF1","VUF",1994,0.426923983042035,0,3,0,462,0.00649350649350649,0
"VLF0","VLF",1995,0,0,0,0,451,0,0
"VLF1","VLF",1995,0,0,0,0,492,0,0
"VUF0","VUF",1995,0,0,0,0,385,0,0
"VUF1","VUF",1995,0.426923983042035,0,3,0,462,0.00649350649350649,0
"VLF0","VLF",1996,0,0,0,0,451,0,0
"VLF1","VLF",1996,0,0,0,0,491,0,0
"VUF0","VUF",1996,0,0,0,0,385,0,0
"VUF1","VUF",1996,0.280744128103931,0,2,0,461,0.00433839479392625,0
"VLF0","VLF",1997,0,0,0,0,450,0,0
"VLF1","VLF",1997,0.149682875264271,0,1,0,490,0.00204081632653061,0
"VUF0","VUF",1997,0,0,0,0,385,0,0
"VUF1","VUF",1997,0.13892920078781,0,1,0,459,0.00217864923747277,0
"VLF0","VLF",1998,0,0,0,0,449,0,0
"VLF1","VLF",1998,0.149682875264271,0,1,0,489,0.00204498977505112,0
"VUF0","VUF",1998,0,0,0,0,385,0,0
"VUF1","VUF",1998,0,0,0,0,457,0,0
"VLF0","VLF",1999,0,0,0,0,448,0,0
"VLF1","VLF",1999,0.149682875264271,0,1,0,488,0.00204918032786885,0
"VUF0","VUF",1999,0,0,0,0,385,0,0
"VUF1","VUF",1999,0,0,0,0,455,0,0
"VLF0","VLF",2000,0,0,0,0,447,0,0
"VLF1","VLF",2000,0.149682875264271,0,1,0,487,0.00205338809034908,0
"VUF0","VUF",2000,0,0,0,0,383,0,0
"VUF1","VUF",2000,0,0,0,0,453,0,0
"VLF0","VLF",2001,0,0,0,0,444,0,0
"VLF1","VLF",2001,0.149682875264271,0,1,0,486,0.00205761316872428,0
"VUF0","VUF",2001,0,0,0,0,375,0,0
"VUF1","VUF",2001,0,0,0,0,449,0,0
"VLF0","VLF",2002,0,0,0,0,441,0,0
"VLF1","VLF",2002,0.149682875264271,0,1,0,483,0.0020703933747412,0
"VUF0","VUF",2002,0,0,0,0,364,0,0
"VUF1","VUF",2002,0,0,0,0,442,0,0
"VLF0","VLF",2003,0,0,0,0,437,0,0
"VLF1","VLF",2003,0.149682875264271,0,1,0,476,0.00210084033613445,0
"VUF0","VUF",2003,0,0,0,0,351,0,0
"VUF1","VUF",2003,0,0,0,0,427,0,0
"VLF0","VLF",2004,0,0,0,0,432,0,0
"VLF1","VLF",2004,0.149682875264271,0,1,0,470,0.00212765957446809,0
"VUF0","VUF",2004,0,0,0,0,333,0,0
"VUF1","VUF",2004,0,0,0,0,407,0,0
"VLF0","VLF",2005,0,0,0,0,427,0,0
"VLF1","VLF",2005,0.149682875264271,0,1,0,464,0.0021551724137931,0
"VUF0","VUF",2005,0,0,0,0,310,0,0
"VUF1","VUF",2005,0,0,0,0,382,0,0
"VLF0","VLF",2006,0,0,0,0,422,0,0
"VLF1","VLF",2006,0.149682875264271,0,1,0,458,0.00218340611353712,0
"VUF0","VUF",2006,0,0,0,0,287,0,0
"VUF1","VUF",2006,0,0,0,0,353,0,0
"VLF0","VLF",2007,0,0,0,0,381,0,0
"VLF1","VLF",2007,0.149682875264271,0,1,0,414,0.00241545893719807,0
"VUF0","VUF",2007,0,0,0,0,252,0,0
"VUF1","VUF",2007,0,0,0,0,312,0,0
"VLF0","VLF",2008,0,0,0,0,341,0,0
"VLF1","VLF",2008,0,0,0,0,370,0,0
"VUF0","VUF",2008,0,0,0,0,217,0,0
"VUF1","VUF",2008,0,0,0,0,272,0,0
"VLF0","VLF",2009,0,0,0,0,301,0,0
"VLF1","VLF",2009,0,0,0,0,326,0,0
"VUF0","VUF",2009,0,0,0,0,182,0,0
"VUF1","VUF",2009,0,0,0,0,232,0,0
"VLF0","VLF",2010,0,0,0,0,261,0,0
"VLF1","VLF",2010,0,0,0,0,282,0,0
"VUF0","VUF",2010,0,0,0,0,147,0,0
"VUF1","VUF",2010,0,0,0,0,192,0,0
"VLF0","VLF",2011,0,0,0,0,221,0,0
"VLF1","VLF",2011,0,0,0,0,238,0,0
"VUF0","VUF",2011,0,0,0,0,114,0,0
"VUF1","VUF",2011,0,0,0,0,152,0,0
"VLF0","VLF",2012,0,0,0,0,183,0,0
"VLF1","VLF",2012,0,0,0,0,194,0,0
"VUF0","VUF",2012,0,0,0,0,87,0,0
"VUF1","VUF",2012,0,0,0,0,114,0,0
"VLF0","VLF",2013,0,0,0,0,145,0,0
"VLF1","VLF",2013,0,0,0,0,152,0,0
"VUF0","VUF",2013,0,0,0,0,63,0,0
"VUF1","VUF",2013,0,0,0,0,79,0,0
"VLF0","VLF",2014,0,0,0,0,108,0,0
"VLF1","VLF",2014,0,0,0,0,114,0,0
"VUF0","VUF",2014,0,0,0,0,41,0,0
"VUF1","VUF",2014,0,0,0,0,52,0,0
